molecule_chembl_id,canonical_smiles,standard_inchi_key,pref_name,molecule_type,structure_type,salt_chembl_id,parent_chembl_id,max_phase,chembl_full_mwt,chembl_alogp,chembl_num_ro5_violations,chembl_molecular_species,pubchem_cid,pubchem_molecular_formula,pubchem_molecular_weight,pubchem_tpsa,pubchem_x_log_p,pubchem_h_bond_donor_count,pubchem_h_bond_acceptor_count,pubchem_rotatable_bond_count,atc_classifications,availability_type,black_box_warning,chembl_aromatic_rings,chembl_cx_logd,chembl_cx_logp,chembl_cx_most_apka,chembl_cx_most_bpka,chembl_full_molformula,chembl_hba,chembl_hba_lipinski,chembl_hbd,chembl_hbd_lipinski,chembl_heavy_atoms,chembl_mw_freebase,chembl_mw_monoisotopic,chembl_np_likeness_score,chembl_num_lipinski_ro5_violations,chembl_psa,chembl_qed_weighted,chembl_ro3_pass,chembl_rtb,chirality,dosed_ingredient,first_approval,first_in_class,natural_product,oral,parenteral,polymer_flag,prodrug,standard_inchi,synonyms,therapeutic_flag,topical,usan_year
CHEMBL105457,C[C@H]1OC[C@@H](C[N+](C)(C)C)O1,COSSAOQSSXDIQW-JGVFFNPUSA-N,,Small molecule,MOL,,,,160.24,0.45,0.0,NEUTRAL,657347.0,,,,,,,,[],-1.0,False,0.0,-3.84,-3.84,,,C8H18NO2+,2.0,3.0,0.0,0.0,11.0,160.24,160.1332,1.21,0.0,18.46,0.55,Y,2.0,-1,False,,True,False,False,False,False,True,"InChI=1S/C8H18NO2/c1-7-10-6-8(11-7)5-9(2,3)4/h7-8H,5-6H2,1-4H3/q+1/t7-,8+/m0/s1",,False,False,
CHEMBL1077979,COc1cc(O)c2c(c1)/C=C/C[C@H](O)[C@H](O)C(=O)/C=C\C[C@H](C)OC2=O,NEQZWEXWOFPKOT-BYRRXHGESA-N,,Small molecule,MOL,,,,362.38,1.6,0.0,NEUTRAL,,,,,,,,,[],-1.0,False,1.0,2.57,2.57,9.59,,C19H22O7,7.0,7.0,3.0,3.0,26.0,362.38,362.1366,2.01,0.0,113.29,0.65,N,1.0,-1,False,,True,True,False,False,False,True,"InChI=1S/C19H22O7/c1-11-5-3-7-14(20)18(23)15(21)8-4-6-12-9-13(25-2)10-16(22)17(12)19(24)26-11/h3-4,6-7,9-11,15,18,21-23H,5,8H2,1-2H3/b6-4+,7-3-/t11-,15-,18+/m0/s1","[""(5Z)-7-Oxozeaenol"",""5Z-7-Oxozeaenol""]",False,False,
CHEMBL1083426,Fc1ccccc1C(Cc1ccccc1OC(F)(F)F)N1CCNCC1,WARUECLCXNMKJR-UHFFFAOYSA-N,1-(1-(2-FLUOROPHENYL)-2-(2-(TRIFLUOROMETHOXY)PHENYL)ETHYL)PIPERAZINE (ENANTIOMERIC MIX),Small molecule,MOL,,,,368.37,3.91,0.0,BASE,46890492.0,,,,,,,,[],-1.0,False,2.0,3.21,5.03,,9.22,C19H20F4N2O,3.0,3.0,1.0,1.0,26.0,368.37,368.1512,-1.11,0.0,24.5,0.81,N,5.0,-1,False,,True,False,False,False,False,True,"InChI=1S/C19H20F4N2O/c20-16-7-3-2-6-15(16)17(25-11-9-24-10-12-25)13-14-5-1-4-8-18(14)26-19(21,22)23/h1-8,17,24H,9-13H2",,False,False,
CHEMBL1083619,C[C@@H](O)C(=O)NC1CC2(CCCCC2)Oc2nc(-c3ccccc3Cl)c(-c3ccc(Cl)cc3)cc21,CBNQOXMUNJAOJO-BPNWFJGMSA-N,"(2R)-N-(7'-(2-CHLOROPHENYL)-6'-(4-CHLOROPHENYL)-3',4'-DIHYDROSPIRO[CYCLOHEXANE-1,2'-PYRANO[2,3-B]PYRIDINE]-4'-YL)-2-HYDROXYPROPANAMIDE (ENANTIOMERIC MIX)",Small molecule,MOL,,,,511.45,6.75,2.0,NEUTRAL,24995603.0,,,,,,,,[],-1.0,False,3.0,6.45,6.45,12.66,0.98,C28H28Cl2N2O3,4.0,5.0,2.0,2.0,35.0,511.45,510.1477,-0.29,2.0,71.45,0.41,N,4.0,-1,False,,True,False,False,False,False,True,"InChI=1S/C28H28Cl2N2O3/c1-17(33)26(34)31-24-16-28(13-5-2-6-14-28)35-27-22(24)15-21(18-9-11-19(29)12-10-18)25(32-27)20-7-3-4-8-23(20)30/h3-4,7-12,15,17,24,33H,2,5-6,13-14,16H2,1H3,(H,31,34)/t17-,24?/m1/s1",,False,False,
CHEMBL1083646,C[C@@H](O)C(=O)NC1CC(C)(C)Oc2nc(-c3ccc(Cl)cc3Cl)c(-c3ccc(Cl)cc3)cc21,XCFWDLWOCXSJOK-ILRUXTBWSA-N,"(2R)-N-(6-(4-CHLOROPHENYL)-7-(2,4-DICHLOROPHENYL)-2,2-DIMETHYL-3,4-DIHYDRO-2H-PYRANO[2,3-B]PYRIDIN-4-YL)-2-HYDROXYPROPANAMIDE (ENANTIOMERIC MIX)",Small molecule,MOL,,,,505.83,6.48,2.0,NEUTRAL,25059294.0,,,,,,,,[],-1.0,False,3.0,6.03,6.03,12.31,0.98,C25H23Cl3N2O3,4.0,5.0,2.0,2.0,33.0,505.83,504.0774,-0.24,2.0,71.45,0.43,N,4.0,-1,False,,True,False,False,False,False,True,"InChI=1S/C25H23Cl3N2O3/c1-13(31)23(32)29-21-12-25(2,3)33-24-19(21)11-18(14-4-6-15(26)7-5-14)22(30-24)17-9-8-16(27)10-20(17)28/h4-11,13,21,31H,12H2,1-3H3,(H,29,32)/t13-,21?/m1/s1",,False,False,
CHEMBL1083708,FC(F)Oc1ccccc1CC(c1ccccc1)N1CCNCC1,VCVDPONUNCPTCQ-UHFFFAOYSA-N,1-(2-(2-(DIFLUOROMETHOXY)PHENYL)-1-PHENYLETHYL)PIPERAZINE (ENANTIOMERIC MIX),Small molecule,MOL,,,,332.39,3.48,0.0,BASE,46890395.0,,,,,,,,[],-1.0,False,2.0,2.35,4.22,,9.28,C19H22F2N2O,3.0,3.0,1.0,1.0,24.0,332.39,332.17,-1.25,0.0,24.5,0.88,N,6.0,-1,False,,True,False,False,False,False,True,"InChI=1S/C19H22F2N2O/c20-19(21)24-18-9-5-4-8-16(18)14-17(15-6-2-1-3-7-15)23-12-10-22-11-13-23/h1-9,17,19,22H,10-14H2",,False,False,
CHEMBL1084033,Fc1ccc(C(Cc2ccccc2OC(F)(F)F)N2CCNCC2)cc1,SQSFWPVYWBTHEX-UHFFFAOYSA-N,1-(1-(4-FLUOROPHENYL)-2-(2-(TRIFLUOROMETHOXY)PHENYL)ETHYL)PIPERAZINE (ENANTIOMERIC MIX),Small molecule,MOL,,,,368.37,3.91,0.0,BASE,46890532.0,,,,,,,,[],-1.0,False,2.0,3.21,5.03,,9.23,C19H20F4N2O,3.0,3.0,1.0,1.0,26.0,368.37,368.1512,-1.17,0.0,24.5,0.81,N,5.0,-1,False,,True,False,False,False,False,True,"InChI=1S/C19H20F4N2O/c20-16-7-5-14(6-8-16)17(25-11-9-24-10-12-25)13-15-3-1-2-4-18(15)26-19(21,22)23/h1-8,17,24H,9-13H2",,False,False,
CHEMBL1084328,COCCC(C(=O)O)[C@@H]1c2ccccc2C[C@H]1NC(=O)c1cc2sc(Cl)c(Cl)c2[nH]1,QAOGQNRLWKYNAK-QVNUIZJESA-N,"(S)-2-((1R,2R)-2-(2,3-DICHLORO-4H-THIENO[3,2-B]PYRROLE-5-CARBOXAMIDO)-2,3-DIHYDRO-1H-INDEN-1-YL)-4-METHOXYBUTANOIC ACID (DIASTEREOMERIC MIX)",Small molecule,MOL,,,,467.37,4.71,0.0,ACID,46871848.0,,,,,,,,[],-1.0,False,3.0,1.62,4.12,4.86,,C21H20Cl2N2O4S,4.0,6.0,3.0,3.0,30.0,467.37,466.0521,-0.16,0.0,91.42,0.47,N,7.0,-1,False,,True,False,False,False,False,True,"InChI=1S/C21H20Cl2N2O4S/c1-29-7-6-12(21(27)28)16-11-5-3-2-4-10(11)8-13(16)25-20(26)14-9-15-18(24-14)17(22)19(23)30-15/h2-5,9,12-13,16,24H,6-8H2,1H3,(H,25,26)(H,27,28)/t12?,13-,16+/m1/s1",,False,False,
CHEMBL1084820,C[C@H](O)C(=O)NC1CC2(CCCCC2)Oc2nc(-c3ccccc3Cl)c(-c3ccc(Cl)cc3)cc21,CBNQOXMUNJAOJO-KEJDIYNNSA-N,"(2S)-N-(7'-(2-CHLOROPHENYL)-6'-(4-CHLOROPHENYL)-3',4'-DIHYDROSPIRO[CYCLOHEXANE-1,2'-PYRANO[2,3-B]PYRIDINE]-4'-YL)-2-HYDROXYPROPANAMIDE (ENANTIOMERIC MIX)",Small molecule,MOL,,,,511.45,6.75,2.0,NEUTRAL,24995604.0,,,,,,,,[],-1.0,False,3.0,6.45,6.45,12.66,0.98,C28H28Cl2N2O3,4.0,5.0,2.0,2.0,35.0,511.45,510.1477,-0.29,2.0,71.45,0.41,N,4.0,-1,False,,True,False,False,False,False,True,"InChI=1S/C28H28Cl2N2O3/c1-17(33)26(34)31-24-16-28(13-5-2-6-14-28)35-27-22(24)15-21(18-9-11-19(29)12-10-18)25(32-27)20-7-3-4-8-23(20)30/h3-4,7-12,15,17,24,33H,2,5-6,13-14,16H2,1H3,(H,31,34)/t17-,24?/m0/s1",,False,False,
CHEMBL1088223,C[S+]([O-])c1c(C(=O)NN2CCCCC2)nc(-c2ccc(Cl)cc2Cl)n1-c1ccc(Cl)cc1,XQPOHFLWEFPJAR-UHFFFAOYSA-N,"1-(4-CHLOROPHENYL)-2-(2,4-DICHLOROPHENYL)-5-(METHYLSULFINYL)-N-(PIPERIDIN-1-YL)-1H-IMIDAZOLE-4-CARBOXAMIDE (ENANTIOMERIC MIX)",Small molecule,MOL,,,,511.86,5.37,2.0,NEUTRAL,23654364.0,,,,,,,,[],-1.0,False,3.0,4.35,4.35,10.02,0.85,C22H21Cl3N4O2S,5.0,6.0,1.0,1.0,32.0,511.86,510.0451,-1.22,2.0,73.22,0.47,N,5.0,-1,False,,True,False,False,False,False,True,"InChI=1S/C22H21Cl3N4O2S/c1-32(31)22-19(21(30)27-28-11-3-2-4-12-28)26-20(17-10-7-15(24)13-18(17)25)29(22)16-8-5-14(23)6-9-16/h5-10,13H,2-4,11-12H2,1H3,(H,27,30)",,False,False,
CHEMBL1094208,OC(c1ccc2c(cnn2-c2ccc(F)cc2)c1)(c1cccc(Cl)c1Cl)C(F)(F)F,SGKVPHOMCZNDPT-UHFFFAOYSA-N,"1-(2,3-DICHLOROPHENYL)-2,2,2-TRIFLUORO-1-(1-(4-FLUOROPHENYL)-1H-INDAZOL-5-YL)ETHANOL (ENANTIOMERIC MIX)",Small molecule,MOL,,,,455.24,6.27,1.0,NEUTRAL,46888467.0,,,,,,,,[],-1.0,False,4.0,6.18,6.19,9.72,0.61,C21H12Cl2F4N2O,3.0,3.0,1.0,1.0,30.0,455.24,454.0263,-1.45,1.0,38.05,0.37,N,3.0,-1,False,,True,False,False,False,False,True,"InChI=1S/C21H12Cl2F4N2O/c22-17-3-1-2-16(19(17)23)20(30,21(25,26)27)13-4-9-18-12(10-13)11-28-29(18)15-7-5-14(24)6-8-15/h1-11,30H",,False,False,
CHEMBL1094231,OC(c1ccc(F)c(Cl)c1)(c1ccc2c(cnn2-c2ccc(F)cc2)c1)C(F)(F)F,DAXGWLCLIPNRDH-UHFFFAOYSA-N,"1-(3-CHLORO-4-FLUOROPHENYL)-2,2,2-TRIFLUORO-1-(1-(4-FLUOROPHENYL)-1H-INDAZOL-5-YL)ETHANOL (ENANTIOMERIC MIX)",Small molecule,MOL,,,,438.78,5.76,1.0,NEUTRAL,46888441.0,,,,,,,,[],-1.0,False,4.0,5.72,5.72,9.87,0.61,C21H12ClF5N2O,3.0,3.0,1.0,1.0,30.0,438.78,438.0558,-1.52,1.0,38.05,0.41,N,3.0,-1,False,,True,False,False,False,False,True,"InChI=1S/C21H12ClF5N2O/c22-17-10-14(1-7-18(17)24)20(30,21(25,26)27)13-2-8-19-12(9-13)11-28-29(19)16-5-3-15(23)4-6-16/h1-11,30H",,False,False,
CHEMBL113830,C[C@H]([C@@H](O)c1ccc(O)cc1)N1CCC(Cc2ccccc2)CC1,UYNVMODNBIQBMV-IIBYNOLFSA-N,"(S,R)-IFENPRODIL",Small molecule,MOL,,,,325.45,3.77,0.0,BASE,11198145.0,,,,,,,,[],-1.0,False,2.0,2.3,3.57,9.67,9.03,C21H27NO2,3.0,3.0,2.0,2.0,24.0,325.45,325.2042,0.06,0.0,43.7,0.88,N,5.0,-1,False,,True,True,False,False,False,True,"InChI=1S/C21H27NO2/c1-16(21(24)19-7-9-20(23)10-8-19)22-13-11-18(12-14-22)15-17-5-3-2-4-6-17/h2-10,16,18,21,23-24H,11-15H2,1H3/t16-,21-/m1/s1",,False,False,
CHEMBL1172744,COC[C@@]12CNCC[C@]1(c1ccc3ccccc3c1)C2,KTJHVHZJTXJNIH-QZTJIDSGSA-N,1-(METHOXYMETHYL)-6-(NAPHTHALEN-2-YL)-3-AZABICYCLO[4.1.0]HEPTANE (ENANTIOMERIC MIX),Small molecule,MOL,,,,267.37,3.11,0.0,BASE,24803184.0,,,,,,,,[],-1.0,False,2.0,0.27,2.56,,9.74,C18H21NO,2.0,2.0,1.0,1.0,20.0,267.37,267.1623,0.89,0.0,21.26,0.92,N,3.0,-1,False,,True,False,False,False,False,True,"InChI=1S/C18H21NO/c1-20-13-17-11-18(17,8-9-19-12-17)16-7-6-14-4-2-3-5-15(14)10-16/h2-7,10,19H,8-9,11-13H2,1H3/t17-,18-/m1/s1",,False,False,
CHEMBL1173341,Clc1ccc([C@]23CNCC[C@H]2C3)cc1Cl,IWEJGKHITDGZSV-CABZTGNLSA-N,1-PHENYL-3-AZABICYCLO[4.1.0]HEPTANE (STRUCTURAL MIX),Small molecule,MOL,,,,242.15,3.24,0.0,BASE,46855361.0,,,,,,,,[],-1.0,False,1.0,0.83,3.12,,9.73,C12H13Cl2N,1.0,1.0,1.0,1.0,15.0,242.15,241.0425,0.48,0.0,12.03,0.8,N,1.0,-1,False,,True,False,False,False,False,True,"InChI=1S/C12H13Cl2N/c13-10-2-1-8(5-11(10)14)12-6-9(12)3-4-15-7-12/h1-2,5,9,15H,3-4,6-7H2/t9-,12-/m0/s1",,False,False,
CHEMBL1173532,COC[C@@]12CNCC[C@]1(c1ccc(Cl)c(Cl)c1)C2,ICXJGCSEMJXNQF-ZIAGYGMSSA-N,"1-(3,4-DICHLOROPHENYL)-6-(METHOXYMETHYL)-3-AZABICYCLO[4.1.0]HEPTANE (ENANTIOMERIC MIX)",Small molecule,MOL,,,1.0,286.2,3.26,0.0,BASE,24802842.0,,,,,,,,[],,False,1.0,0.5,2.78,,9.73,C14H17Cl2NO,2.0,2.0,1.0,1.0,18.0,286.2,285.0687,0.67,0.0,21.26,0.92,N,3.0,-1,False,,False,False,False,False,False,False,"InChI=1S/C14H17Cl2NO/c1-18-9-13-7-14(13,4-5-17-8-13)10-2-3-11(15)12(16)6-10/h2-3,6,17H,4-5,7-9H2,1H3/t13-,14-/m1/s1","[""1-(3,4-DICHLOROPHENYL)-6-(METHOXYMETHYL)-3-AZABICYCLO[4.1.0]HEPTANE (ENANTIOMERIC MIX)""]",False,False,
CHEMBL1173595,Clc1ccc([C@]23CCNC[C@@]2(COCC2CC2)C3)cc1Cl,ZPPOFTVMEMXBDU-IAGOWNOFSA-N,"1-((CYCLOPROPYLMETHOXY)METHYL)-6-(3,4-DICHLOROPHENYL)-3-AZABICYCLO[4.1.0]HEPTANE (ENANTIOMERIC MIX)",Small molecule,MOL,,,,326.27,4.04,0.0,BASE,46855638.0,,,,,,,,[],-1.0,False,1.0,1.28,3.56,,9.73,C17H21Cl2NO,2.0,2.0,1.0,1.0,21.0,326.27,325.1,0.19,0.0,21.26,0.88,N,5.0,-1,False,,True,False,False,False,False,True,"InChI=1S/C17H21Cl2NO/c18-14-4-3-13(7-15(14)19)17-5-6-20-10-16(17,9-17)11-21-8-12-1-2-12/h3-4,7,12,20H,1-2,5-6,8-11H2/t16-,17-/m1/s1",,False,False,
CHEMBL11919,C[C@H](N)Cc1c[nH]cn1,XNQIOISZPFVUFG-YFKPBYRVSA-N,,Small molecule,MOL,,,,125.17,0.3,0.0,BASE,6603865.0,,,,,,,,[],-1.0,False,1.0,-2.62,-0.28,,9.8,C6H11N3,2.0,3.0,2.0,3.0,9.0,125.17,125.0953,-0.07,0.0,54.7,0.6,Y,2.0,-1,False,,True,False,False,False,False,True,"InChI=1S/C6H11N3/c1-5(7)2-6-3-8-4-9-6/h3-5H,2,7H2,1H3,(H,8,9)/t5-/m0/s1","[""(S)-Alpha-Methylhistamine""]",False,False,
CHEMBL1213954,O=C1CCCC2=C1[C@H](c1cccc(O)c1)NC(=S)N2,BJTGVSGWTIUCSM-ZDUSSCGKSA-N,(S)-ENASTRON,Small molecule,MOL,,,,274.34,1.92,0.0,NEUTRAL,757000.0,,,,,,,,[],-1.0,False,1.0,1.73,1.73,9.38,,C14H14N2O2S,3.0,4.0,3.0,3.0,19.0,274.34,274.0776,-0.64,0.0,61.36,0.68,N,1.0,-1,False,,True,False,False,False,False,True,"InChI=1S/C14H14N2O2S/c17-9-4-1-3-8(7-9)13-12-10(15-14(19)16-13)5-2-6-11(12)18/h1,3-4,7,13,17H,2,5-6H2,(H2,15,16,19)/t13-/m0/s1","[""(S)-Enastron""]",False,False,
CHEMBL1213955,CC1(C)CC(=O)C2=C(C1)NC(=S)N[C@H]2c1cccc(O)c1,RUOOPLOUUAYNPY-AWEZNQCLSA-N,(S)-DIMETHYLENASTRON,Small molecule,MOL,,,,302.4,2.55,0.0,NEUTRAL,49863704.0,,,,,,,,[],-1.0,False,1.0,2.32,2.32,9.38,,C16H18N2O2S,3.0,4.0,3.0,3.0,21.0,302.4,302.1089,-0.48,0.0,61.36,0.7,N,1.0,-1,False,,True,False,False,False,False,True,"InChI=1S/C16H18N2O2S/c1-16(2)7-11-13(12(20)8-16)14(18-15(21)17-11)9-4-3-5-10(19)6-9/h3-6,14,19H,7-8H2,1-2H3,(H2,17,18,21)/t14-/m0/s1","[""(S)-Dimethylenastron""]",False,False,
CHEMBL1230579,O=P(O)(O)CCCP(=O)(O)O,PUVMVPFLXCHEOY-UHFFFAOYSA-N,,Small molecule,MOL,,,,204.06,-0.27,0.0,ACID,437081.0,,,,,,,,[],-1.0,False,0.0,-7.18,-2.46,1.51,,C3H10O6P2,2.0,6.0,4.0,4.0,11.0,204.06,203.9953,0.46,0.0,115.06,0.47,N,4.0,-1,False,,True,False,False,False,False,True,"InChI=1S/C3H10O6P2/c4-10(5,6)2-1-3-11(7,8)9/h1-3H2,(H2,4,5,6)(H2,7,8,9)","[""1,3-Propanediphosphonic Acid""]",False,False,
CHEMBL1236788,COc1cc(Cc2cnc(N)nc2N)c2c(c1OC)O[C@H](C1CC1)C=C2,HWJPWWYTGBZDEG-AWEZNQCLSA-N,(R)-ICLAPRIM,Small molecule,MOL,,,,354.41,2.43,0.0,NEUTRAL,10247560.0,,,,,,,,[],-1.0,False,2.0,2.3,2.49,,7.15,C19H22N4O3,7.0,7.0,2.0,4.0,26.0,354.41,354.1692,1.08,0.0,105.51,0.85,N,5.0,-1,False,,True,True,False,False,False,True,"InChI=1S/C19H22N4O3/c1-24-15-8-11(7-12-9-22-19(21)23-18(12)20)13-5-6-14(10-3-4-10)26-16(13)17(15)25-2/h5-6,8-10,14H,3-4,7H2,1-2H3,(H4,20,21,22,23)/t14-/m0/s1","[""(R)-Iclaprim""]",False,False,
CHEMBL1250,Cn1c(=O)[nH]c2[nH]cnc2c1=O,MVOYJPOZRLFTCP-UHFFFAOYSA-N,1-METHYLXANTHINE,Small molecule,MOL,,,,166.14,-1.05,0.0,NEUTRAL,80220.0,,,,,,,,[],-1.0,False,2.0,-0.05,-0.02,8.56,1.52,C6H6N4O2,4.0,6.0,2.0,2.0,12.0,166.14,166.0491,-0.27,0.0,83.54,0.52,N,0.0,-1,False,,True,True,False,False,False,True,"InChI=1S/C6H6N4O2/c1-10-5(11)3-4(8-2-7-3)9-6(10)12/h2H,1H3,(H,7,8)(H,9,12)","[""1-Methylxanthine (1-Mx)""]",False,False,
CHEMBL1255588,CC(C)(C)[C@@]1(O)CCN2C[C@@H]3c4ccccc4CCc4cccc(c43)[C@H]2C1,ZZJYIKPMDIWRSN-TZBSWOFLSA-N,,Small molecule,MOL,,,,361.53,4.84,0.0,NEUTRAL,37461.0,,,,,,,,[],-1.0,False,2.0,4.13,4.94,,8.14,C25H31NO,2.0,2.0,1.0,1.0,27.0,361.53,361.2406,0.95,0.0,23.47,0.73,N,0.0,-1,False,,True,False,False,False,False,True,"InChI=1S/C25H31NO/c1-24(2,3)25(27)13-14-26-16-21-19-9-5-4-7-17(19)11-12-18-8-6-10-20(23(18)21)22(26)15-25/h4-10,21-22,27H,11-16H2,1-3H3/t21-,22-,25-/m1/s1","[""(+)-Butaclamol""]",False,False,
CHEMBL129451,O=C(O[C@@H]1Cc2c(O)cc(O)cc2O[C@H]1c1ccc(O)c(O)c1)c1cc(O)c(O)c(O)c1,LSHVYAFMTMFKBA-CTNGQTDRSA-N,(-)-CATECHINGALLATE,Small molecule,MOL,,,,442.38,2.53,1.0,NEUTRAL,6419835.0,,,,,,,,[],-1.0,False,3.0,3.29,3.38,8.03,,C22H18O10,10.0,10.0,7.0,7.0,32.0,442.38,442.09,1.84,1.0,177.14,0.24,N,3.0,-1,False,,True,True,False,False,False,True,"InChI=1S/C22H18O10/c23-11-6-14(25)12-8-19(32-22(30)10-4-16(27)20(29)17(28)5-10)21(31-18(12)7-11)9-1-2-13(24)15(26)3-9/h1-7,19,21,23-29H,8H2/t19-,21+/m1/s1",,False,False,
CHEMBL129482,Oc1cc(O)c2c(c1)O[C@@H](c1ccc(O)c(O)c1)[C@@H](O)C2,PFTAWBLQPZVEMU-ZFWWWQNUSA-N,(+)-EPICATECHIN,Small molecule,MOL,,,2.0,290.27,1.55,0.0,NEUTRAL,182232.0,,,,,,,,[],,False,2.0,1.78,1.8,9.0,,C15H14O6,6.0,6.0,5.0,5.0,21.0,290.27,290.079,2.3,0.0,110.38,0.51,N,1.0,-1,False,,False,True,False,False,False,False,"InChI=1S/C15H14O6/c16-8-4-11(18)9-6-13(20)15(21-14(9)5-8)7-1-2-10(17)12(19)3-7/h1-5,13,15-20H,6H2/t13-,15-/m0/s1","[""(+)-EPICATECHIN"",""Epicatechin""]",False,False,
CHEMBL129530,O[C@@H]1CCN(Cc2ccc(F)cc2)C[C@H]1N1CCC(c2ccccc2)CC1,HPZHSYBCGLDRCT-DHIUTWEWSA-N,,Small molecule,MOL,,,,368.5,3.64,0.0,BASE,9999116.0,,,,,,,,[],-1.0,False,2.0,2.07,3.67,,8.99,C23H29FN2O,3.0,3.0,1.0,1.0,27.0,368.5,368.2264,-0.7,0.0,26.71,0.89,N,4.0,-1,False,,True,False,False,False,False,True,"InChI=1S/C23H29FN2O/c24-21-8-6-18(7-9-21)16-25-13-12-23(27)22(17-25)26-14-10-20(11-15-26)19-4-2-1-3-5-19/h1-9,20,22-23,27H,10-17H2/t22-,23-/m1/s1","[""(+)-4-Fluorobenzyltrozamicol"",""P-Fluorobenzyltrozamicol""]",False,False,
CHEMBL13378,Cc1onc(O)c1CC(N)C(=O)O,UUDAMDVQRQNNHZ-UHFFFAOYSA-N,"(R,S)-AMPA",Small molecule,MOL,,,,186.17,-0.36,0.0,ACID,1221.0,,,,,,,,[],-1.0,False,1.0,-3.23,-2.33,1.56,7.8,C7H10N2O4,5.0,6.0,3.0,4.0,13.0,186.17,186.0641,0.09,0.0,109.58,0.59,N,3.0,-1,False,,True,True,False,False,False,True,"InChI=1S/C7H10N2O4/c1-3-4(6(10)9-13-3)2-5(8)7(11)12/h5H,2,8H2,1H3,(H,9,10)(H,11,12)",,False,False,
CHEMBL139000,C[C@H](Cc1ccccc1)Nc1ncnc2c1ncn2[C@@H]1O[C@H](CO)[C@@H](O)[C@H]1O,RIRGCFBBHQEQQH-SSFGXONLSA-N,(R)-PIA,Small molecule,MOL,,,,385.42,0.48,0.0,NEUTRAL,93205.0,,,,,,,,[],-1.0,False,3.0,0.64,0.64,12.45,3.73,C19H23N5O4,9.0,9.0,4.0,4.0,28.0,385.42,385.175,0.52,0.0,125.55,0.48,N,6.0,-1,False,,True,True,False,False,False,True,"InChI=1S/C19H23N5O4/c1-11(7-12-5-3-2-4-6-12)23-17-14-18(21-9-20-17)24(10-22-14)19-16(27)15(26)13(8-25)28-19/h2-6,9-11,13,15-16,19,25-27H,7-8H2,1H3,(H,20,21,23)/t11-,13-,15-,16-,19-/m1/s1","[""R-N6-(Phenylisopropyl)Adenosine""]",False,False,
CHEMBL140476,CC1=CC2Cc3nc4cc(Cl)ccc4c(N)c3C(C1)C2,UKCBMHDZLYYTMI-UHFFFAOYSA-N,HUPRINE Y,Small molecule,MOL,,,,284.79,4.47,0.0,NEUTRAL,10107976.0,,,,,,,,[],-1.0,False,2.0,2.95,3.67,,8.07,C17H17ClN2,2.0,2.0,1.0,2.0,20.0,284.79,284.108,0.03,0.0,38.91,0.73,N,0.0,-1,False,,True,False,False,False,False,True,"InChI=1S/C17H17ClN2/c1-9-4-10-6-11(5-9)16-15(7-10)20-14-8-12(18)2-3-13(14)17(16)19/h2-4,8,10-11H,5-7H2,1H3,(H2,19,20)","[""Huprine Y"",""Rac-Huprine H3""]",False,False,
CHEMBL14346,c1ccc2c(c1)CCNC2,UWYZHKAOTLEWKK-UHFFFAOYSA-N,"1,2,3,4-TETRAHYDROISOQUINOLINE",Small molecule,MOL,,,,133.19,1.33,0.0,BASE,7046.0,,,,,,,,[],-1.0,False,1.0,-0.09,1.57,,9.07,C9H11N,1.0,1.0,1.0,1.0,10.0,133.19,133.0891,0.04,0.0,12.03,0.56,Y,0.0,-1,False,,True,True,False,False,False,True,"InChI=1S/C9H11N/c1-2-4-9-7-10-6-5-8(9)3-1/h1-4,10H,5-7H2","[""1,2,3,4-Tetrahydro-Isoquinoline"",""1,2,3,4-Tetrahydroisoquinoline""]",False,False,
CHEMBL1458,O=C(NC1CCCCC1)NC1CCCCC1,ADFXKUOMJKEIND-UHFFFAOYSA-N,"1,3-DICYCLOHEXYLUREA",Small molecule,MOL,,,,224.35,2.95,0.0,NEUTRAL,4277.0,,,,,,,,[],-1.0,False,0.0,2.68,2.68,,,C13H24N2O,1.0,3.0,2.0,2.0,16.0,224.35,224.1889,-0.7,0.0,41.13,0.74,Y,2.0,-1,False,,True,True,False,False,False,True,"InChI=1S/C13H24N2O/c16-13(14-11-7-3-1-4-8-11)15-12-9-5-2-6-10-12/h11-12H,1-10H2,(H2,14,15,16)",,False,False,
CHEMBL155204,C1COCCOCCOCCOCCOCCO1,XEZNGIUYQVAUSS-UHFFFAOYSA-N,,Small molecule,MOL,,,,264.32,0.1,0.0,NEUTRAL,28557.0,,,,,,,,[],-1.0,False,0.0,-0.28,-0.28,,,C12H24O6,6.0,6.0,0.0,0.0,18.0,264.32,264.1573,-0.27,0.0,55.38,0.62,N,0.0,-1,False,,True,False,False,False,False,True,InChI=1S/C12H24O6/c1-2-14-5-6-16-9-10-18-12-11-17-8-7-15-4-3-13-1/h1-12H2,"[""1,4,7,10,13,16-Hexaoxacyclooctadecane"",""1,4,7,10,13,16Hexaoxa-Cyclooctadecane"",""18-Crown-6""]",False,False,
CHEMBL1668603,COc1ccccc1OC,ABDKAPXRBAPSQN-UHFFFAOYSA-N,"1,2-DIMETHOXYBENZENE",Small molecule,MOL,,,,138.17,1.7,0.0,NEUTRAL,7043.0,,,,,,,,[],-1.0,False,1.0,1.66,1.66,,,C8H10O2,2.0,2.0,0.0,0.0,10.0,138.17,138.0681,-0.18,0.0,18.46,0.62,Y,2.0,-1,False,,True,True,False,False,False,True,"InChI=1S/C8H10O2/c1-9-7-5-3-4-6-8(7)10-2/h3-6H,1-2H3","[""1,2-Dimethoxybenzene""]",False,False,
CHEMBL1672380,N=C(N)NCCC[C@H](NC(=O)C12CC3CC(CC(C3)C1)C2)C(=O)N[C@@H](Cc1ccccc1)C(N)=O,UMKHUSRDQFQHAK-RNJMTYCLSA-N,,Small molecule,MOL,,,,482.63,1.16,1.0,BASE,53320361.0,,,,,,,,[],-1.0,False,1.0,-1.17,0.94,12.4,11.77,C26H38N6O3,4.0,9.0,6.0,8.0,35.0,482.63,482.3005,-0.14,1.0,163.19,0.16,N,11.0,-1,False,,True,False,False,False,False,True,"InChI=1S/C26H38N6O3/c27-22(33)21(12-16-5-2-1-3-6-16)31-23(34)20(7-4-8-30-25(28)29)32-24(35)26-13-17-9-18(14-26)11-19(10-17)15-26/h1-3,5-6,17-21H,4,7-15H2,(H2,27,33)(H,31,34)(H,32,35)(H4,28,29,30)/t17?,18?,19?,20-,21-,26?/m0/s1","[""1-Adamantanecarbonyl-RF-NH2""]",False,False,
CHEMBL1673303,COc1cc(Cc2cnc(N)nc2N)c2c(c1OC)O[C@@H](C1CC1)C=C2,HWJPWWYTGBZDEG-CQSZACIVSA-N,(S)-ICLAPRIM,Small molecule,MOL,,,,354.41,2.43,0.0,NEUTRAL,44141864.0,,,,,,,,[],-1.0,False,2.0,2.3,2.49,,7.15,C19H22N4O3,7.0,7.0,2.0,4.0,26.0,354.41,354.1692,1.08,0.0,105.51,0.85,N,5.0,-1,False,,True,True,False,False,False,True,"InChI=1S/C19H22N4O3/c1-24-15-8-11(7-12-9-22-19(21)23-18(12)20)13-5-6-14(10-3-4-10)26-16(13)17(15)25-2/h5-6,8-10,14H,3-4,7H2,1-2H3,(H4,20,21,22,23)/t14-/m1/s1","[""(S)-Iclaprim""]",False,False,
CHEMBL181902,N/C(S)=N/N=C(/c1ccc(Cl)c(Cl)c1)C1CCCCC1,HWVNPMGPQVXXSC-QGOAFFKASA-N,,Small molecule,MOL,,,,330.28,4.52,0.0,NEUTRAL,,,,,,,,,[],-1.0,False,1.0,4.19,4.94,6.51,3.62,C14H17Cl2N3S,2.0,3.0,2.0,2.0,20.0,330.28,329.052,-0.91,0.0,50.74,0.36,N,3.0,-1,False,,True,False,False,False,False,True,"InChI=1S/C14H17Cl2N3S/c15-11-7-6-10(8-12(11)16)13(18-19-14(17)20)9-4-2-1-3-5-9/h6-9H,1-5H2,(H3,17,19,20)/b18-13+","[""(E)-Cyclohexyl(3,4-Dichlorophenyl)Methanone Thiosemicarbazone""]",False,False,
CHEMBL183,CCCn1c(=O)c2[nH]c(C3CCCC3)nc2n(CCC)c1=O,FFBDFADSZUINTG-UHFFFAOYSA-N,"1,3-DIPROPYL-8-CYCLOPENTYLXANTHINE [DPCPX]",Small molecule,MOL,,,,304.39,2.36,0.0,NEUTRAL,1329.0,,,,,,,,[],-1.0,False,2.0,2.7,2.78,8.01,,C16H24N4O2,5.0,6.0,1.0,1.0,22.0,304.39,304.1899,-0.89,0.0,72.68,0.92,N,5.0,-1,False,,True,True,False,False,False,True,"InChI=1S/C16H24N4O2/c1-3-9-19-14-12(15(21)20(10-4-2)16(19)22)17-13(18-14)11-7-5-6-8-11/h11H,3-10H2,1-2H3,(H,17,18)","[""GNF-Pf-2224""]",False,False,
CHEMBL190870,CN1[C@@H](CCc2ccccc2)CCC[C@@H]1CCc1ccccc1,ISVBJSRQEBWKPB-FGZHOGPDSA-N,,Small molecule,MOL,,,,307.48,5.1,1.0,BASE,11255261.0,,,,,,,,[],-1.0,False,2.0,3.13,6.08,,10.48,C22H29N,1.0,1.0,0.0,0.0,23.0,307.48,307.23,0.04,1.0,3.24,0.72,N,6.0,-1,False,,True,False,False,False,False,True,"InChI=1S/C22H29N/c1-23-21(17-15-19-9-4-2-5-10-19)13-8-14-22(23)18-16-20-11-6-3-7-12-20/h2-7,9-12,21-22H,8,13-18H2,1H3/t21-,22-/m1/s1","[""(2R,5R)-Trans-Lobelane""]",False,False,
CHEMBL191947,CN1[C@H](CCc2ccccc2)CCC[C@H]1CCc1ccccc1,ISVBJSRQEBWKPB-VXKWHMMOSA-N,,Small molecule,MOL,,,,307.48,5.1,1.0,BASE,11150958.0,,,,,,,,[],-1.0,False,2.0,3.13,6.08,,10.48,C22H29N,1.0,1.0,0.0,0.0,23.0,307.48,307.23,0.04,1.0,3.24,0.72,N,6.0,-1,False,,True,False,False,False,False,True,"InChI=1S/C22H29N/c1-23-21(17-15-19-9-4-2-5-10-19)13-8-14-22(23)18-16-20-11-6-3-7-12-20/h2-7,9-12,21-22H,8,13-18H2,1H3/t21-,22-/m0/s1","[""(2S,5S)-Trans-Lobelane""]",False,False,
CHEMBL197176,CC(C)CC[C@H](C[C@H](N)C(=O)O)C(=O)O,SBLWSMSFRMKPMN-SFYZADRCSA-N,,Small molecule,MOL,,,,217.26,0.93,0.0,ZWITTERION,11629898.0,,,,,,,,[],-1.0,False,0.0,-3.71,-1.12,2.37,9.53,C10H19NO4,3.0,5.0,3.0,4.0,15.0,217.26,217.1314,1.04,0.0,100.62,0.59,N,7.0,-1,False,,True,False,False,False,False,True,"InChI=1S/C10H19NO4/c1-6(2)3-4-7(9(12)13)5-8(11)10(14)15/h6-8H,3-5,11H2,1-2H3,(H,12,13)(H,14,15)/t7-,8+/m1/s1","[""(2S,4R)-4-Isopentylglutamic Acid""]",False,False,
CHEMBL198618,N[C@@H](C[C@@H](Cc1ccccc1)C(=O)O)C(=O)O,ATCFYQUZTYQTJN-ZJUUUORDSA-N,,Small molecule,MOL,,,,237.25,0.73,0.0,ZWITTERION,7016554.0,,,,,,,,[],-1.0,False,1.0,-3.93,-1.14,2.18,9.53,C12H15NO4,3.0,5.0,3.0,4.0,17.0,237.25,237.1001,0.51,0.0,100.62,0.68,N,6.0,-1,False,,True,False,False,False,False,True,"InChI=1S/C12H15NO4/c13-10(12(16)17)7-9(11(14)15)6-8-4-2-1-3-5-8/h1-5,9-10H,6-7,13H2,(H,14,15)(H,16,17)/t9-,10+/m1/s1","[""(2S,4R)-4-Benzylglutamic Acid""]",False,False,
CHEMBL199564,CC(C)[C@H](C[C@H](N)C(=O)O)C(=O)O,KPRDXJJAACANAI-WDSKDSINSA-N,,Small molecule,MOL,,,,189.21,0.15,0.0,ZWITTERION,44405320.0,,,,,,,,[],-1.0,False,0.0,-4.71,-1.99,2.22,9.53,C8H15NO4,3.0,5.0,3.0,4.0,13.0,189.21,189.1001,1.11,0.0,100.62,0.57,N,5.0,-1,False,,True,False,False,False,False,True,"InChI=1S/C8H15NO4/c1-4(2)5(7(10)11)3-6(9)8(12)13/h4-6H,3,9H2,1-2H3,(H,10,11)(H,12,13)/t5-,6-/m0/s1","[""(2S,4S)-4-Isopropylglutamic Acid""]",False,False,
CHEMBL200715,Oc1cc(O)c2c(c1)O[C@@H](c1ccc(O)c(O)c1)[C@H](O)C2,PFTAWBLQPZVEMU-HIFRSBDPSA-N,(-)-CATECHIN,Small molecule,MOL,,,,290.27,1.55,0.0,NEUTRAL,73160.0,,,,,,,,[],-1.0,False,2.0,1.78,1.8,9.0,,C15H14O6,6.0,6.0,5.0,5.0,21.0,290.27,290.079,2.3,0.0,110.38,0.51,N,1.0,-1,False,,True,True,False,False,False,True,"InChI=1S/C15H14O6/c16-8-4-11(18)9-6-13(20)15(21-14(9)5-8)7-1-2-10(17)12(19)3-7/h1-5,13,15-20H,6H2/t13-,15+/m1/s1",,False,False,
CHEMBL2007996,CC1=C[C@@H]2Cc3nc4cc(Cl)ccc4c(N)c3[C@H](C1)C2,UKCBMHDZLYYTMI-WDEREUQCSA-N,,Small molecule,MOL,,,,284.79,4.47,0.0,NEUTRAL,6712920.0,,,,,,,,[],-1.0,False,2.0,2.95,3.67,,8.07,C17H17ClN2,2.0,2.0,1.0,2.0,20.0,284.79,284.108,0.03,0.0,38.91,0.73,N,0.0,-1,False,,True,False,False,False,False,True,"InChI=1S/C17H17ClN2/c1-9-4-10-6-11(5-9)16-15(7-10)20-14-8-12(18)2-3-13(14)17(16)19/h2-4,8,10-11H,5-7H2,1H3,(H2,19,20)/t10-,11+/m0/s1",,False,False,
CHEMBL2021616,CC1=C[C@H]2Cc3nc4cc(Cl)ccc4c(N)c3[C@@H](C1)C2,UKCBMHDZLYYTMI-MNOVXSKESA-N,,Small molecule,MOL,,,,284.79,4.47,0.0,NEUTRAL,51026481.0,,,,,,,,[],-1.0,False,2.0,2.95,3.67,,8.07,C17H17ClN2,2.0,2.0,1.0,2.0,20.0,284.79,284.108,0.03,0.0,38.91,0.73,N,0.0,-1,False,,True,False,False,False,False,True,"InChI=1S/C17H17ClN2/c1-9-4-10-6-11(5-9)16-15(7-10)20-14-8-12(18)2-3-13(14)17(16)19/h2-4,8,10-11H,5-7H2,1H3,(H2,19,20)/t10-,11+/m1/s1",,False,False,
CHEMBL2057445,COc1cc2c(c(OC)c1)CN1CCc3cc(OC)cc(OC)c3[C@@H]1C2,HFKSXXFKEYZDQL-SFHVURJKSA-N,,Small molecule,MOL,,,,355.43,3.38,0.0,NEUTRAL,70690498.0,,,,,,,,[],-1.0,False,2.0,3.15,3.15,,5.19,C21H25NO4,5.0,5.0,0.0,0.0,26.0,355.43,355.1784,0.74,0.0,40.16,0.84,N,4.0,-1,False,,True,False,False,False,False,True,"InChI=1S/C21H25NO4/c1-23-15-7-13-5-6-22-12-17-14(8-16(24-2)10-19(17)25-3)9-18(22)21(13)20(11-15)26-4/h7-8,10-11,18H,5-6,9,12H2,1-4H3/t18-/m0/s1","[""(S)-1,3,9,11-Tetramethoxytetrahydroprotoberberine""]",False,False,
CHEMBL2057446,COc1cc2c(c(OC)c1)CN1CCc3cc(OC)c(OC)c(OC)c3[C@@H]1C2,OWQWXZCNCVEPNZ-KRWDZBQOSA-N,,Small molecule,MOL,,,,385.46,3.39,0.0,NEUTRAL,70682088.0,,,,,,,,[],-1.0,False,2.0,2.99,2.99,,4.94,C22H27NO5,6.0,6.0,0.0,0.0,28.0,385.46,385.1889,0.89,0.0,49.39,0.79,N,5.0,-1,False,,True,False,False,False,False,True,"InChI=1S/C22H27NO5/c1-24-15-8-14-9-17-20-13(10-19(26-3)21(27-4)22(20)28-5)6-7-23(17)12-16(14)18(11-15)25-2/h8,10-11,17H,6-7,9,12H2,1-5H3/t17-/m0/s1","[""(S)-1,2,3,9,11-Pentamethoxytetrahydroprotoberberine""]",False,False,
CHEMBL2114397,C[N+](C)(C)C[C@H](N)CC(=O)[O-],DAWBGYHPBBDHMQ-ZCFIWIBFSA-N,,Small molecule,MOL,,,,160.22,-1.84,0.0,ACID,121830.0,,,,,,,,[],-1.0,False,0.0,-5.15,-6.43,3.84,8.27,C7H16N2O2,3.0,4.0,1.0,2.0,11.0,160.22,160.1212,0.42,0.0,66.15,0.49,N,4.0,-1,False,,True,True,False,False,False,True,"InChI=1S/C7H16N2O2/c1-9(2,3)5-6(8)4-7(10)11/h6H,4-5,8H2,1-3H3/t6-/m1/s1","[""(R)-Aminocarnitine""]",False,False,
CHEMBL2146755,O=[N+]([O-])c1ccc(CCN2CCN(CCc3ccc([N+](=O)[O-])cc3)CC2)cc1,GKZBQPSXHBJOPU-UHFFFAOYSA-N,,Small molecule,MOL,,,,384.44,2.91,0.0,NEUTRAL,52337837.0,,,,,,,,[],-1.0,False,2.0,3.43,3.94,,7.76,C20H24N4O4,6.0,8.0,0.0,0.0,28.0,384.44,384.1798,-0.82,0.0,92.76,0.51,N,8.0,-1,False,,True,False,False,False,False,True,"InChI=1S/C20H24N4O4/c25-23(26)19-5-1-17(2-6-19)9-11-21-13-15-22(16-14-21)12-10-18-3-7-20(8-4-18)24(27)28/h1-8H,9-16H2","[""1,4-Bis(4-Nitrophenethyl)Piperazine""]",False,False,
CHEMBL2172394,C/C=C(/C=O)[C@@H](CC=O)CC(=O)OCCc1ccc(O)cc1,VPOVFCBNUOUZGG-VAKDEWRISA-N,(-)-OLEOCANTHAL,Small molecule,MOL,,,,304.34,2.22,0.0,NEUTRAL,,,,,,,,,[],-1.0,False,1.0,1.83,1.83,9.5,,C17H20O5,5.0,5.0,1.0,1.0,22.0,304.34,304.1311,1.51,0.0,80.67,0.43,N,9.0,-1,False,,True,True,False,False,False,True,"InChI=1S/C17H20O5/c1-2-14(12-19)15(7-9-18)11-17(21)22-10-8-13-3-5-16(20)6-4-13/h2-6,9,12,15,20H,7-8,10-11H2,1H3/b14-2-/t15-/m0/s1","[""(-)-Oleocanthal""]",False,False,
CHEMBL2251720,CC(N=C=S)c1ccccc1,QQCJPTVZIZVKEZ-UHFFFAOYSA-N,1-PHENYLETHYL ISOTHIOCYANATE,Small molecule,MOL,,,,163.24,2.85,0.0,NEUTRAL,20559.0,,,,,,,,[],-1.0,False,1.0,3.21,3.21,,0.09,C9H9NS,2.0,1.0,0.0,0.0,11.0,163.24,163.0456,-0.28,0.0,12.36,0.48,Y,2.0,-1,False,,True,True,False,False,False,True,"InChI=1S/C9H9NS/c1-8(10-7-11)9-5-3-2-4-6-9/h2-6,8H,1H3",,False,False,
CHEMBL2262744,S=C(c1ccc(Cl)c(Cl)c1)N1CCOCC1,UGCXYBULZQHULY-UHFFFAOYSA-N,"(3,4-DICHLOROPHENYL)(MORPHOLINO)METHANETHIONE",Small molecule,MOL,,,,276.19,3.0,0.0,NEUTRAL,895402.0,,,,,,,,[],-1.0,False,1.0,3.15,3.15,,,C11H11Cl2NOS,2.0,2.0,0.0,0.0,16.0,276.19,274.9938,-2.02,0.0,12.47,0.73,N,1.0,-1,False,,True,False,False,False,False,True,"InChI=1S/C11H11Cl2NOS/c12-9-2-1-8(7-10(9)13)11(16)14-3-5-15-6-4-14/h1-2,7H,3-6H2",,False,False,
CHEMBL229476,C[C@@H](Cc1ccc(O)cc1)NC[C@H](O)c1cc(O)cc(O)c1,LSLYOANBFKQKPT-GTNSWQLSSA-N,,Small molecule,MOL,,,,303.36,2.06,0.0,BASE,688467.0,,,,,,,,[],-1.0,False,2.0,0.33,1.47,8.85,9.63,C17H21NO4,5.0,5.0,5.0,5.0,22.0,303.36,303.1471,0.43,0.0,92.95,0.56,N,6.0,-1,False,,True,True,False,False,False,True,"InChI=1S/C17H21NO4/c1-11(6-12-2-4-14(19)5-3-12)18-10-17(22)13-7-15(20)9-16(21)8-13/h2-5,7-9,11,17-22H,6,10H2,1H3/t11-,17-/m0/s1","[""(R,S)-Fenoterol""]",False,False,
CHEMBL229477,C[C@H](Cc1ccc(O)cc1)NC[C@@H](O)c1cc(O)cc(O)c1,LSLYOANBFKQKPT-PIGZYNQJSA-N,,Small molecule,MOL,,,,303.36,2.06,0.0,BASE,667688.0,,,,,,,,[],-1.0,False,2.0,0.33,1.47,8.85,9.63,C17H21NO4,5.0,5.0,5.0,5.0,22.0,303.36,303.1471,0.43,0.0,92.95,0.56,N,6.0,-1,False,,True,True,False,False,False,True,"InChI=1S/C17H21NO4/c1-11(6-12-2-4-14(19)5-3-12)18-10-17(22)13-7-15(20)9-16(21)8-13/h2-5,7-9,11,17-22H,6,10H2,1H3/t11-,17-/m1/s1","[""(S,R)-(+)-Fenoterol"",""(S,R)-Fenoterol""]",False,False,
CHEMBL230156,O=[N+]([O-])/C=C/c1ccccc1,PIAOLBVUVDXHHL-VOTSOKGWSA-N,(2-NITROVINYL)BENZENE,Small molecule,MOL,,,,149.15,1.93,0.0,,,,,,,,,,[],-1.0,False,1.0,2.14,2.14,,,C8H7NO2,2.0,3.0,0.0,0.0,11.0,149.15,149.0477,-0.02,0.0,43.14,0.48,Y,2.0,-1,False,,True,False,False,False,False,True,InChI=1S/C8H7NO2/c10-9(11)7-6-8-4-2-1-3-5-8/h1-7H/b7-6+,"[""(2-Nitrovinyl)Benzene""]",False,False,
CHEMBL24077,Oc1cc2c(cc1O)[C@@H](c1ccccc1)CNCC2,JUDKOGFHZYMDMF-CQSZACIVSA-N,(R)-SKF-38393,Small molecule,MOL,,,,255.32,2.38,0.0,BASE,6852376.0,,,,,,,,[],-1.0,False,2.0,0.32,1.88,10.28,9.25,C16H17NO2,3.0,3.0,3.0,3.0,19.0,255.32,255.1259,0.88,0.0,52.49,0.69,Y,1.0,-1,False,,True,True,False,False,False,True,"InChI=1S/C16H17NO2/c18-15-8-12-6-7-17-10-14(13(12)9-16(15)19)11-4-2-1-3-5-11/h1-5,8-9,14,17-19H,6-7,10H2/t14-/m1/s1","[""(R)-SKF-38393""]",False,False,
CHEMBL241902,CN(C)c1ccc(/C=N/NC(N)=S)cc1,MUDHKEQEBJQRRG-KPKJPENVSA-N,,Small molecule,MOL,,,,222.32,0.92,0.0,NEUTRAL,,,,,,,,,[],-1.0,False,1.0,1.77,1.77,11.71,4.66,C10H14N4S,3.0,4.0,2.0,3.0,15.0,222.32,222.0939,-2.16,0.0,53.65,0.45,Y,3.0,-1,False,,True,False,False,False,False,True,"InChI=1S/C10H14N4S/c1-14(2)9-5-3-8(4-6-9)7-12-13-10(11)15/h3-7H,1-2H3,(H3,11,13,15)/b12-7+","[""(E)-4-(Dimethylamino)Benzaldehyde Thiosemicarbazone"",""4-(Dimethylamino)Benzaldehyde Thiosemicarbazone""]",False,False,
CHEMBL252720,COc1ccc([C@@H](CN(C)C)C2(O)CCCCC2)cc1,PNVNVHUZROJLTJ-MRXNPFEDSA-N,(S)-VENLAFAXINE,Small molecule,MOL,,,,277.41,3.04,0.0,BASE,11846746.0,,,,,,,,[],-1.0,False,1.0,1.22,2.74,,8.91,C17H27NO2,3.0,3.0,1.0,1.0,20.0,277.41,277.2042,0.13,0.0,32.7,0.9,N,5.0,-1,False,,True,True,False,False,False,True,"InChI=1S/C17H27NO2/c1-18(2)13-16(17(19)11-5-4-6-12-17)14-7-9-15(20-3)10-8-14/h7-10,16,19H,4-6,11-13H2,1-3H3/t16-/m1/s1","[""(S)-Venlafaxine""]",False,False,
CHEMBL257990,N[C@H]1C[C@@H]1c1ccccc1,AELCINSCMGFISI-BDAKNGLRSA-N,(+)-TRANYLCYPROMINE,Small molecule,MOL,,,,133.19,1.5,0.0,BASE,26070.0,,,,,,,,[],-1.0,False,1.0,-0.82,1.34,,9.62,C9H11N,1.0,1.0,1.0,2.0,10.0,133.19,133.0891,0.42,0.0,26.02,0.62,Y,1.0,-1,False,,True,True,False,False,False,True,"InChI=1S/C9H11N/c10-9-6-8(9)7-4-2-1-3-5-7/h1-5,8-9H,6,10H2/t8-,9+/m1/s1","[""(+)-Tranylcypromine"",""(-)-Tranylcypromine"",""Trans-2-Phenylcyclopropanamine"",""Trans-2-Phenylcyclopropylamine""]",False,False,
CHEMBL264931,C[C@@H](C(=O)O)c1ccc(N2Cc3ccccc3C2=O)cc1,RJMIEHBSYVWVIN-LLVKDONJSA-N,(R)-INDOPROFEN,Small molecule,MOL,,,,281.31,3.04,0.0,ACID,93283.0,,,,,,,,[],-1.0,False,2.0,-0.43,2.86,3.74,,C17H15NO3,2.0,4.0,1.0,1.0,21.0,281.31,281.1052,-0.39,0.0,57.61,0.94,N,3.0,-1,False,,True,True,False,False,False,True,"InChI=1S/C17H15NO3/c1-11(17(20)21)12-6-8-14(9-7-12)18-10-13-4-2-3-5-15(13)16(18)19/h2-9,11H,10H2,1H3,(H,20,21)/t11-/m1/s1","[""indoprofen""]",False,False,
CHEMBL267447,CCCc1cc(=O)oc2c3c(c4c(c12)OC(C)(C)C=C4)O[C@H](C)[C@@H](C)[C@@H]3O,NIDRYBLTWYFCFV-FMTVUPSXSA-N,(+)-CALANOLIDE A,Small molecule,MOL,,,,370.45,4.38,0.0,NEUTRAL,64972.0,,,,,,,,[],-1.0,False,2.0,3.79,3.79,13.63,,C22H26O5,5.0,5.0,1.0,1.0,27.0,370.45,370.178,2.4,0.0,68.9,0.79,N,2.0,-1,False,,True,True,False,False,False,True,"InChI=1S/C22H26O5/c1-6-7-13-10-15(23)26-21-16(13)20-14(8-9-22(4,5)27-20)19-17(21)18(24)11(2)12(3)25-19/h8-12,18,24H,6-7H2,1-5H3/t11-,12-,18+/m1/s1",,False,False,
CHEMBL268229,C[C@@H](N)Cc1c[nH]cn1,XNQIOISZPFVUFG-RXMQYKEDSA-N,,Small molecule,MOL,,,,125.17,0.3,0.0,BASE,156615.0,,,,,,,,[],-1.0,False,1.0,-2.62,-0.28,,9.8,C6H11N3,2.0,3.0,2.0,3.0,9.0,125.17,125.0953,-0.07,0.0,54.7,0.6,Y,2.0,-1,False,,True,False,False,False,False,True,"InChI=1S/C6H11N3/c1-5(7)2-6-3-8-4-9-6/h3-5H,2,7H2,1H3,(H,8,9)/t5-/m1/s1","[""(R)-Alpha-Methylhistamine""]",False,False,
CHEMBL27559,CCCN1CCc2cccc3c2[C@H]1Cc1cccc(O)c1-3,WZJSIHGOLMMBAL-MRXNPFEDSA-N,,Small molecule,MOL,,,,279.38,3.92,0.0,NEUTRAL,10333842.0,,,,,,,,[],-1.0,False,2.0,3.22,4.09,9.73,8.39,C19H21NO,2.0,2.0,1.0,1.0,21.0,279.38,279.1623,0.83,0.0,23.47,0.9,N,2.0,-1,False,,True,False,False,False,False,True,"InChI=1S/C19H21NO/c1-2-10-20-11-9-13-5-3-7-15-18(13)16(20)12-14-6-4-8-17(21)19(14)15/h3-8,16,21H,2,9-12H2,1H3/t16-/m1/s1","[""(R)-OH-N-propylnoraporphine""]",False,False,
CHEMBL276815,Cc1onc(O)c1C[C@H](N)C(=O)O,UUDAMDVQRQNNHZ-YFKPBYRVSA-N,(S)-AMPA,Small molecule,MOL,,,,186.17,-0.36,0.0,ACID,158397.0,,,,,,,,[],-1.0,False,1.0,-3.23,-2.33,1.56,7.8,C7H10N2O4,5.0,6.0,3.0,4.0,13.0,186.17,186.0641,0.09,0.0,109.58,0.59,N,3.0,-1,False,,True,True,False,False,False,True,"InChI=1S/C7H10N2O4/c1-3-4(6(10)9-13-3)2-5(8)7(11)12/h5H,2,8H2,1H3,(H,9,10)(H,11,12)/t5-/m0/s1",,False,False,
CHEMBL283509,COc1ccc(-c2cc3c(c(=O)o2)C[C@]2(O)[C@@]4(C)C(=O)C=CC(C)(C)[C@]4(O)CC[C@@]2(C)O3)cc1OC,MIHBCQWIBJDVPX-JUDWXZBOSA-N,,Small molecule,MOL,,,,496.56,3.45,0.0,NEUTRAL,10255275.0,,,,,,,,[],-1.0,False,2.0,2.66,2.66,12.89,,C28H32O8,8.0,8.0,2.0,2.0,36.0,496.56,496.2097,1.88,0.0,115.43,0.66,N,3.0,-1,False,,True,True,False,False,False,True,"InChI=1S/C28H32O8/c1-24(2)10-9-22(29)26(4)27(24,31)12-11-25(3)28(26,32)15-17-20(36-25)14-19(35-23(17)30)16-7-8-18(33-5)21(13-16)34-6/h7-10,13-14,31-32H,11-12,15H2,1-6H3/t25-,26+,27-,28-/m1/s1","[""(+)-Arisugacin A""]",False,False,
CHEMBL284994,CN[C@@H]1CC[C@@H](c2ccc(Cl)c(Cl)c2)c2ccccc21,VGKDLMBJGBXTGI-YVEFUNNKSA-N,,Small molecule,MOL,,,,306.24,5.18,1.0,BASE,9882979.0,,,,,,,,[],-1.0,False,2.0,3.02,5.15,,9.56,C17H17Cl2N,1.0,1.0,1.0,1.0,20.0,306.24,305.0738,0.12,1.0,12.03,0.81,N,2.0,-1,False,,True,True,False,False,False,True,"InChI=1S/C17H17Cl2N/c1-20-17-9-7-12(13-4-2-3-5-14(13)17)11-6-8-15(18)16(19)10-11/h2-6,8,10,12,17,20H,7,9H2,1H3/t12-,17+/m0/s1","[""(1R,4S)-Trans-Sertraline""]",False,False,
CHEMBL296435,CCCCCC[C@H]([C@H](C)O)n1cnc2c(N)ncnc21,IOSAAWHGJUZBOG-WDEREUQCSA-N,(+)-EHNA,Small molecule,MOL,,,,277.37,2.3,0.0,NEUTRAL,149790.0,,,,,,,,[],-1.0,False,2.0,2.14,2.14,,3.7,C14H23N5O,6.0,6.0,2.0,3.0,20.0,277.37,277.1903,0.0,0.0,89.85,0.76,N,7.0,-1,False,,True,True,False,False,False,True,"InChI=1S/C14H23N5O/c1-3-4-5-6-7-11(10(2)20)19-9-18-12-13(15)16-8-17-14(12)19/h8-11,20H,3-7H2,1-2H3,(H2,15,16,17)/t10-,11+/m0/s1",,False,False,
CHEMBL298827,O=C(O)CNC(=O)[C@@H](CS)Cc1ccccc1,LJJKNPQAGWVLDQ-SNVBAGLBSA-N,(S)-THIORPHAN,Small molecule,MOL,,,,253.32,0.98,0.0,ACID,4369380.0,,,,,,,,[],-1.0,False,1.0,-1.69,1.46,4.02,,C12H15NO3S,3.0,4.0,3.0,2.0,17.0,253.32,253.0773,-0.18,0.0,66.4,0.66,N,6.0,-1,False,,True,True,False,False,False,True,"InChI=1S/C12H15NO3S/c14-11(15)7-13-12(16)10(8-17)6-9-4-2-1-3-5-9/h1-5,10,17H,6-8H2,(H,13,16)(H,14,15)/t10-/m1/s1",,False,False,
CHEMBL300143,Cc1ccccc1NC(=O)Oc1ccc2c(c1)[C@]1(C)CCN(C)C1N2C,JGAGHIIOCADQOV-QWAKEFERSA-N,,Small molecule,MOL,,,,351.45,3.98,0.0,NEUTRAL,9906452.0,,,,,,,,[],-1.0,False,2.0,4.7,4.76,12.93,6.58,C21H25N3O2,4.0,5.0,1.0,1.0,26.0,351.45,351.1947,0.15,0.0,44.81,0.89,N,2.0,-1,False,,True,False,False,False,False,True,"InChI=1S/C21H25N3O2/c1-14-7-5-6-8-17(14)22-20(25)26-15-9-10-18-16(13-15)21(2)11-12-23(3)19(21)24(18)4/h5-10,13,19H,11-12H2,1-4H3,(H,22,25)/t19?,21-/m0/s1","[""(-)-Tolserine""]",False,False,
CHEMBL319706,C[C@@H]([C@@H](O)c1ccc(O)cc1)N1CCC(Cc2ccccc2)CC1,UYNVMODNBIQBMV-HRAATJIYSA-N,(S)-IFENPRODIL,Small molecule,MOL,,,,325.45,3.77,0.0,BASE,11771731.0,,,,,,,,[],-1.0,False,2.0,2.3,3.57,9.67,9.03,C21H27NO2,3.0,3.0,2.0,2.0,24.0,325.45,325.2042,0.06,0.0,43.7,0.88,N,5.0,-1,False,,True,True,False,False,False,True,"InChI=1S/C21H27NO2/c1-16(21(24)19-7-9-20(23)10-8-19)22-13-11-18(12-14-22)15-17-5-3-2-4-6-17/h2-10,16,18,21,23-24H,11-15H2,1H3/t16-,21+/m0/s1",,False,False,
CHEMBL370662,O=P(O)(O)C(Nc1cccc(Br)c1)P(=O)(O)O,SYHPXVAOJHTCRU-UHFFFAOYSA-N,,Small molecule,MOL,,,,346.01,1.5,0.0,ACID,5277481.0,,,,,,,,[],-1.0,False,1.0,-3.98,0.84,0.95,,C7H10BrNO6P2,3.0,7.0,5.0,5.0,17.0,346.01,344.9167,-0.62,0.0,127.09,0.52,N,4.0,-1,False,,True,False,False,False,False,True,"InChI=1S/C7H10BrNO6P2/c8-5-2-1-3-6(4-5)9-7(16(10,11)12)17(13,14)15/h1-4,7,9H,(H2,10,11,12)(H2,13,14,15)","[""(3-Bromophenylamino)Methylenediphosphonic Acid""]",False,False,
CHEMBL372124,CC[C@H](C[C@H](N)C(=O)O)C(=O)O,JPMICTZIAZZHCD-UHNVWZDZSA-N,,Small molecule,MOL,,,,175.18,-0.1,0.0,ZWITTERION,9920506.0,,,,,,,,[],-1.0,False,0.0,-5.06,-2.26,2.13,9.53,C7H13NO4,3.0,5.0,3.0,4.0,12.0,175.18,175.0845,0.95,0.0,100.62,0.54,N,5.0,-1,False,,True,True,False,False,False,True,"InChI=1S/C7H13NO4/c1-2-4(6(9)10)3-5(8)7(11)12/h4-5H,2-3,8H2,1H3,(H,9,10)(H,11,12)/t4-,5+/m1/s1","[""(2S,4R)-4-Ethylglutamic Acid""]",False,False,
CHEMBL3798017,COc1ccccc1OCCNC[C@@H](O)COc1cccc2[nH]c3ccccc3c12,OGHNVEJMJSYVRP-QGZVFWFLSA-N,(R)-Carvedilol,Small molecule,MOL,,,,406.48,3.74,0.0,BASE,185394.0,,,,,,,,[],-1.0,False,4.0,2.07,3.42,,8.74,C24H26N2O4,5.0,6.0,3.0,3.0,30.0,406.48,406.1893,-0.12,0.0,75.74,0.35,N,10.0,-1,False,,True,True,False,False,False,True,"InChI=1S/C24H26N2O4/c1-28-21-10-4-5-11-22(21)29-14-13-25-15-17(27)16-30-23-12-6-9-20-24(23)18-7-2-3-8-19(18)26-20/h2-12,17,25-27H,13-16H2,1H3/t17-/m1/s1",,False,False,
CHEMBL380456,CC1(C)Oc2cc3oc(-c4cc(O)cc(O)c4)cc3cc2CC1O,QFUCSEIKNTUPPA-UHFFFAOYSA-N,(+/-)-MORACIN P,Small molecule,MOL,,,,326.35,3.59,0.0,NEUTRAL,14539884.0,,,,,,,,[],-1.0,False,3.0,3.03,3.04,8.82,,C19H18O5,5.0,5.0,3.0,3.0,24.0,326.35,326.1154,1.94,0.0,83.06,0.64,N,1.0,-1,False,,True,True,False,False,False,True,"InChI=1S/C19H18O5/c1-19(2)18(22)7-11-3-10-6-15(23-16(10)9-17(11)24-19)12-4-13(20)8-14(21)5-12/h3-6,8-9,18,20-22H,7H2,1-2H3","[""(+/-)-Moracin P"",""Moracin P""]",False,False,
CHEMBL381004,CCCC[C@H](C[C@H](N)C(=O)O)C(=O)O,IMGQZBSGZRAKSV-RQJHMYQMSA-N,,Small molecule,MOL,,,,203.24,0.68,0.0,ZWITTERION,11651356.0,,,,,,,,[],-1.0,False,0.0,-4.05,-1.39,2.3,9.53,C9H17NO4,3.0,5.0,3.0,4.0,14.0,203.24,203.1158,0.91,0.0,100.62,0.56,N,7.0,-1,False,,True,False,False,False,False,True,"InChI=1S/C9H17NO4/c1-2-3-4-6(8(11)12)5-7(10)9(13)14/h6-7H,2-5,10H2,1H3,(H,11,12)(H,13,14)/t6-,7+/m1/s1","[""(2S,4R)-4-Butylglutamic Acid""]",False,False,
CHEMBL382127,NCC1(c2ccccc2)CCCC1,SJWOFBVBNFLWLP-UHFFFAOYSA-N,,Small molecule,MOL,,,,175.27,2.46,0.0,BASE,205131.0,,,,,,,,[],-1.0,False,1.0,0.52,2.56,,9.47,C12H17N,1.0,1.0,1.0,2.0,13.0,175.27,175.1361,0.17,0.0,26.02,0.73,Y,2.0,-1,False,,True,True,False,False,False,True,"InChI=1S/C12H17N/c13-10-12(8-4-5-9-12)11-6-2-1-3-7-11/h1-3,6-7H,4-5,8-10,13H2","[""(1-Phenylcyclopentyl)Methanamine""]",False,False,
CHEMBL388570,C[C@H](Cc1ccc(O)cc1)NC[C@H](O)c1cc(O)cc(O)c1,LSLYOANBFKQKPT-DIFFPNOSSA-N,,Small molecule,MOL,,,,303.36,2.06,0.0,BASE,688468.0,,,,,,,,[],-1.0,False,2.0,0.33,1.47,8.85,9.63,C17H21NO4,5.0,5.0,5.0,5.0,22.0,303.36,303.1471,0.43,0.0,92.95,0.56,N,6.0,-1,False,,True,True,False,False,False,True,"InChI=1S/C17H21NO4/c1-11(6-12-2-4-14(19)5-3-12)18-10-17(22)13-7-15(20)9-16(21)8-13/h2-5,7-9,11,17-22H,6,10H2,1H3/t11-,17+/m1/s1","[""(R,R)-Fenoterol""]",False,False,
CHEMBL389390,C[C@@H](Cc1ccc(O)cc1)NC[C@@H](O)c1cc(O)cc(O)c1,LSLYOANBFKQKPT-APPDUMDISA-N,,Small molecule,MOL,,,,303.36,2.06,0.0,BASE,688469.0,,,,,,,,[],-1.0,False,2.0,0.33,1.47,8.85,9.63,C17H21NO4,5.0,5.0,5.0,5.0,22.0,303.36,303.1471,0.43,0.0,92.95,0.56,N,6.0,-1,False,,True,True,False,False,False,True,"InChI=1S/C17H21NO4/c1-11(6-12-2-4-14(19)5-3-12)18-10-17(22)13-7-15(20)9-16(21)8-13/h2-5,7-9,11,17-22H,6,10H2,1H3/t11-,17+/m0/s1","[""(S,S)-(+)-Fenoterol""]",False,False,
CHEMBL392577,O=C(c1c2ccccc2cc2ccccc12)N1c2ccccc2Sc2ccccc21,GEDDVJWUHICGPI-UHFFFAOYSA-N,,Small molecule,MOL,,,,403.51,7.44,1.0,NEUTRAL,44435223.0,,,,,,,,[],-1.0,False,5.0,6.78,6.78,,,C27H17NOS,2.0,2.0,0.0,0.0,30.0,403.51,403.1031,-0.54,1.0,20.31,0.27,N,1.0,-1,False,,True,False,False,False,False,True,InChI=1S/C27H17NOS/c29-27(26-20-11-3-1-9-18(20)17-19-10-2-4-12-21(19)26)28-22-13-5-7-15-24(22)30-25-16-8-6-14-23(25)28/h1-17H,"[""10-(9-Anthrylcarbonyl)Phenothiazine""]",False,False,
CHEMBL400964,CN1Cc2c(N)cccc2[C@@H](c2ccccc2)C1,XXPANQJNYNUNES-CQSZACIVSA-N,,Small molecule,MOL,,,,238.33,2.85,0.0,BASE,12884652.0,,,,,,,,[],-1.0,False,2.0,1.21,2.62,,8.8,C16H18N2,2.0,2.0,1.0,2.0,18.0,238.33,238.147,0.22,0.0,29.26,0.77,Y,1.0,-1,False,,True,True,False,False,False,True,"InChI=1S/C16H18N2/c1-18-10-14(12-6-3-2-4-7-12)13-8-5-9-16(17)15(13)11-18/h2-9,14H,10-11,17H2,1H3/t14-/m1/s1","[""(R)-Nomifensine""]",False,False,
CHEMBL411329,O[C@H](c1cc(C(F)(F)F)nc2c(C(F)(F)F)cccc12)[C@@H]1CCCCN1,XEEQGYMUWCZPDN-SWLSCSKDSA-N,"(R,S)-MEFLOQUINE",Small molecule,MOL,,,,378.32,4.45,0.0,BASE,456309.0,,,,,,,,[],-1.0,False,2.0,2.07,4.11,13.79,9.46,C17H16F6N2O,3.0,3.0,2.0,2.0,26.0,378.32,378.1167,0.03,0.0,45.15,0.76,N,2.0,-1,False,,True,False,False,False,False,True,"InChI=1S/C17H16F6N2O/c18-16(19,20)11-5-3-4-9-10(15(26)12-6-1-2-7-24-12)8-13(17(21,22)23)25-14(9)11/h3-5,8,12,15,24,26H,1-2,6-7H2/t12-,15+/m0/s1","[""(R,S)-Mefloquine""]",False,False,
CHEMBL416715,CC[C@@H](C)N(C)C(=O)c1cc2ccccc2c(-c2ccccc2Cl)n1,RAVIZVQZGXBOQO-CQSZACIVSA-N,(R)PK-11195,Small molecule,MOL,,,,352.87,5.43,1.0,NEUTRAL,24839733.0,,,,,,,,[],-1.0,False,3.0,5.36,5.36,,0.88,C21H21ClN2O,2.0,3.0,0.0,0.0,25.0,352.87,352.1342,-1.09,1.0,33.2,0.63,N,4.0,-1,False,,True,True,False,False,False,True,"InChI=1S/C21H21ClN2O/c1-4-14(2)24(3)21(25)19-13-15-9-5-6-10-16(15)20(23-19)17-11-7-8-12-18(17)22/h5-14H,4H2,1-3H3/t14-/m1/s1",,False,False,
CHEMBL417915,CC(C)c1ccc(NC(=O)Oc2ccc3c(c2)[C@]2(C)CCN(C)C2N3C)cc1,NKJRRVBTMYRXRB-YANBTOMASA-N,,Small molecule,MOL,,,,379.5,4.79,0.0,NEUTRAL,9864626.0,,,,,,,,[],-1.0,False,2.0,5.43,5.5,12.98,6.58,C23H29N3O2,4.0,5.0,1.0,1.0,28.0,379.5,379.226,0.28,0.0,44.81,0.83,N,3.0,-1,False,,True,False,False,False,False,True,"InChI=1S/C23H29N3O2/c1-15(2)16-6-8-17(9-7-16)24-22(27)28-18-10-11-20-19(14-18)23(3)12-13-25(4)21(23)26(20)5/h6-11,14-15,21H,12-13H2,1-5H3,(H,24,27)/t21?,23-/m0/s1","[""(-)-Cymserine""]",False,False,
CHEMBL420705,C[C@@H](Cc1ccccc1)Nc1ncnc2c1ncn2[C@@H]1O[C@H](CO)[C@@H](O)[C@H]1O,RIRGCFBBHQEQQH-KFAHYOAQSA-N,(S)-PIA,Small molecule,MOL,,,,385.42,0.48,0.0,NEUTRAL,5312112.0,,,,,,,,[],-1.0,False,3.0,0.64,0.64,12.45,3.73,C19H23N5O4,9.0,9.0,4.0,4.0,28.0,385.42,385.175,0.52,0.0,125.55,0.48,N,6.0,-1,False,,True,True,False,False,False,True,"InChI=1S/C19H23N5O4/c1-11(7-12-5-3-2-4-6-12)23-17-14-18(21-9-20-17)24(10-22-14)19-16(27)15(26)13(8-25)28-19/h2-6,9-11,13,15-16,19,25-27H,7-8H2,1H3,(H,20,21,23)/t11-,13+,15+,16+,19+/m0/s1",,False,False,
CHEMBL427215,COc1ccc([C@H](CN(C)C)[Si]2(O)CCCCC2)cc1,KIXBFSFRCBHKLN-INIZCTEOSA-N,,Small molecule,MOL,,,,293.48,,,,9948049.0,,,,,,,,[],-1.0,False,,,,,,C16H27NO2Si,,,,,,293.48,293.1811,,,,,,,-1,False,,True,False,False,False,False,True,"InChI=1S/C16H27NO2Si/c1-17(2)13-16(20(18)11-5-4-6-12-20)14-7-9-15(19-3)10-8-14/h7-10,16,18H,4-6,11-13H2,1-3H3/t16-/m0/s1","[""(R)-Sila-Venlafaxine""]",False,False,
CHEMBL430893,COc1ccc([C@@H]2CNC(=O)C2)cc1OC1CCCC1,HJORMJIFDVBMOB-LBPRGKRZSA-N,(-)-ROLIPRAM,Small molecule,MOL,,,,275.35,2.62,0.0,NEUTRAL,448055.0,,,,,,,,[],-1.0,False,1.0,1.96,1.96,,,C16H21NO3,3.0,4.0,1.0,1.0,20.0,275.35,275.1521,0.66,0.0,47.56,0.92,N,4.0,-1,False,,True,True,False,False,False,True,"InChI=1S/C16H21NO3/c1-19-14-7-6-11(12-9-16(18)17-10-12)8-15(14)20-13-4-2-3-5-13/h6-8,12-13H,2-5,9-10H2,1H3,(H,17,18)/t12-/m0/s1","[""(R)-Rolipram"",""R-Rolipram""]",False,False,
CHEMBL448072,O=C(CCCCCCCCc1ccccc1)c1c(O)cc(O)c([C@@H]2C[C@@H](c3ccc(O)cc3)Oc3cc(O)ccc32)c1O,NWJOIWGNEIDTTG-NSJVFKKDSA-N,,Small molecule,MOL,,,,582.69,8.03,2.0,NEUTRAL,497362.0,,,,,,,,[],-1.0,False,4.0,9.72,9.79,8.17,,C36H38O7,7.0,7.0,5.0,5.0,43.0,582.69,582.2618,1.18,2.0,127.45,0.08,N,12.0,-1,False,,True,True,False,False,False,True,"InChI=1S/C36H38O7/c37-25-16-14-24(15-17-25)32-21-28(27-19-18-26(38)20-33(27)43-32)34-30(40)22-31(41)35(36(34)42)29(39)13-9-4-2-1-3-6-10-23-11-7-5-8-12-23/h5,7-8,11-12,14-20,22,28,32,37-38,40-42H,1-4,6,9-10,13,21H2/t28-,32+/m1/s1","[""(+)-Myristinin D""]",False,False,
CHEMBL448891,COc1cc2c(cc1OC)[C@@H]1Cc3ccc(O)c(OC)c3CN1CC2,DIHXHTWYVOYYDC-INIZCTEOSA-N,,Small molecule,MOL,,,,341.41,3.07,0.0,NEUTRAL,161665.0,,,,,,,,[],-1.0,False,2.0,3.0,3.0,10.11,5.1,C20H23NO4,5.0,5.0,1.0,1.0,25.0,341.41,341.1627,1.2,0.0,51.16,0.93,N,3.0,-1,False,,True,True,False,False,False,True,"InChI=1S/C20H23NO4/c1-23-18-9-13-6-7-21-11-15-12(4-5-17(22)20(15)25-3)8-16(21)14(13)10-19(18)24-2/h4-5,9-10,16,22H,6-8,11H2,1-3H3/t16-/m0/s1","[""(-)-Corydalmine""]",False,False,
CHEMBL46005,O=C(O)CC[C@H](NC(=O)N[C@@H](CCC(=O)O)C(=O)O)C(=O)O,SOAPXKSPJAZNGO-WDSKDSINSA-N,,Small molecule,MOL,,,,320.25,-1.08,1.0,ACID,9797132.0,,,,,,,,[],-1.0,False,0.0,-14.63,-1.53,2.86,,C11H16N2O9,5.0,11.0,6.0,6.0,22.0,320.25,320.0856,0.04,2.0,190.33,0.29,N,10.0,-1,False,,True,False,False,False,False,True,"InChI=1S/C11H16N2O9/c14-7(15)3-1-5(9(18)19)12-11(22)13-6(10(20)21)2-4-8(16)17/h5-6H,1-4H2,(H,14,15)(H,16,17)(H,18,19)(H,20,21)(H2,12,13,22)/t5-,6-/m0/s1","[""(2S,2'S)-2,2'-Carbonylbis(Azanediyl)Dipentanedioic Acid""]",False,False,
CHEMBL465365,CCCCCCCCCCCC(=O)c1c(O)cc(O)c([C@@H]2C[C@@H](c3ccc(O)cc3)Oc3cc(O)ccc32)c1O,JGXZVDAPLSTBGZ-IRPSRAIASA-N,,Small molecule,MOL,,,,548.68,7.97,2.0,NEUTRAL,497359.0,,,,,,,,[],-1.0,False,3.0,9.48,9.55,8.17,,C33H40O7,7.0,7.0,5.0,5.0,40.0,548.68,548.2774,1.31,2.0,127.45,0.11,N,13.0,-1,False,,True,True,False,False,False,True,"InChI=1S/C33H40O7/c1-2-3-4-5-6-7-8-9-10-11-26(36)32-28(38)20-27(37)31(33(32)39)25-19-29(21-12-14-22(34)15-13-21)40-30-18-23(35)16-17-24(25)30/h12-18,20,25,29,34-35,37-39H,2-11,19H2,1H3/t25-,29+/m1/s1","[""(+)-Myristinin A""]",False,False,
CHEMBL472661,CCCCCCCC/C=C\CCCCCCCC(=O)N[C@@H]1C[C@@H]1O,VCMSNKIQHBVCSW-VSEBXTFHSA-N,,Small molecule,MOL,,,,337.55,5.27,1.0,NEUTRAL,,,,,,,,,[],-1.0,False,0.0,5.52,5.52,,,C21H39NO2,2.0,3.0,2.0,2.0,24.0,337.55,337.2981,0.51,1.0,49.33,0.3,N,16.0,-1,False,,True,False,False,False,False,True,"InChI=1S/C21H39NO2/c1-2-3-4-5-6-7-8-9-10-11-12-13-14-15-16-17-21(24)22-19-18-20(19)23/h9-10,19-20,23H,2-8,11-18H2,1H3,(H,22,24)/b10-9-/t19-,20+/m1/s1","[""(1S,2R)-N-Oleoylcyclopropanolamide"",""Cis-N-Oleoylcyclopropanolamide""]",False,False,
CHEMBL472662,CCCCCCCC/C=C\CCCCCCCC(=O)N[C@@H]1C[C@H]1O,VCMSNKIQHBVCSW-BHGRFLGOSA-N,,Small molecule,MOL,,,,337.55,5.27,1.0,NEUTRAL,,,,,,,,,[],-1.0,False,0.0,5.52,5.52,,,C21H39NO2,2.0,3.0,2.0,2.0,24.0,337.55,337.2981,0.51,1.0,49.33,0.3,N,16.0,-1,False,,True,False,False,False,False,True,"InChI=1S/C21H39NO2/c1-2-3-4-5-6-7-8-9-10-11-12-13-14-15-16-17-21(24)22-19-18-20(19)23/h9-10,19-20,23H,2-8,11-18H2,1H3,(H,22,24)/b10-9-/t19-,20-/m1/s1","[""(1R,2R)-N-Oleoylcyclopropanolamide""]",False,False,
CHEMBL474488,CCCCC/C=C\C/C=C\C/C=C\C/C=C\CCCC(=O)N[C@@H]1C[C@@H]1O,LZHCSJBKBARIFQ-NFCFDWBMSA-N,,Small molecule,MOL,,,,359.55,5.38,1.0,NEUTRAL,,,,,,,,,[],-1.0,False,0.0,5.32,5.32,,,C23H37NO2,2.0,3.0,2.0,2.0,26.0,359.55,359.2824,0.7,1.0,49.33,0.3,N,15.0,-1,False,,True,False,False,False,False,True,"InChI=1S/C23H37NO2/c1-2-3-4-5-6-7-8-9-10-11-12-13-14-15-16-17-18-19-23(26)24-21-20-22(21)25/h6-7,9-10,12-13,15-16,21-22,25H,2-5,8,11,14,17-20H2,1H3,(H,24,26)/b7-6-,10-9-,13-12-,16-15-/t21-,22+/m1/s1","[""(1S,2R)-N-Arachidonoylcyclopropanolamide""]",False,False,
CHEMBL475816,CC(=O)C1=C(O)C=C2Oc3c(C(N)=O)c(O)cc(O)c3[C@]2(C)C1=O,GEWLYFZWVLXQME-MRXNPFEDSA-N,,Small molecule,MOL,,,,331.28,0.71,0.0,ACID,131379.0,,,,,,,,[],-1.0,False,1.0,-3.19,0.66,3.49,,C16H13NO7,7.0,8.0,4.0,5.0,24.0,331.28,331.0692,1.66,0.0,147.15,0.58,N,2.0,-1,False,,True,True,False,False,False,True,"InChI=1S/C16H13NO7/c1-5(18)10-7(20)4-9-16(2,14(10)22)12-8(21)3-6(19)11(15(17)23)13(12)24-9/h3-4,19-21H,1-2H3,(H2,17,23)/t16-/m1/s1","[""(-)-Cercosporamide""]",False,False,
CHEMBL475904,CCCCC/C=C\C/C=C\C/C=C\C/C=C\CCCC(=O)N[C@@H]1C[C@H]1O,LZHCSJBKBARIFQ-OXAAUTCPSA-N,,Small molecule,MOL,,,,359.55,5.38,1.0,NEUTRAL,,,,,,,,,[],-1.0,False,0.0,5.32,5.32,,,C23H37NO2,2.0,3.0,2.0,2.0,26.0,359.55,359.2824,0.7,1.0,49.33,0.3,N,15.0,-1,False,,True,False,False,False,False,True,"InChI=1S/C23H37NO2/c1-2-3-4-5-6-7-8-9-10-11-12-13-14-15-16-17-18-19-23(26)24-21-20-22(21)25/h6-7,9-10,12-13,15-16,21-22,25H,2-5,8,11,14,17-20H2,1H3,(H,24,26)/b7-6-,10-9-,13-12-,16-15-/t21-,22-/m1/s1","[""(1R,2R)-N-Arachidonoylcyclopropanolamide"",""Rac-Trans N-Arachidonoylcyclopropanolamide""]",False,False,
CHEMBL485369,CCCCC/C=C\C/C=C\C/C=C\C/C=C\CCCC(=O)N[C@H]1C[C@@H]1O,LZHCSJBKBARIFQ-NILUWUTCSA-N,,Small molecule,MOL,,,,359.55,5.38,1.0,NEUTRAL,,,,,,,,,[],-1.0,False,0.0,5.32,5.32,,,C23H37NO2,2.0,3.0,2.0,2.0,26.0,359.55,359.2824,0.7,1.0,49.33,0.3,N,15.0,-1,False,,True,False,False,False,False,True,"InChI=1S/C23H37NO2/c1-2-3-4-5-6-7-8-9-10-11-12-13-14-15-16-17-18-19-23(26)24-21-20-22(21)25/h6-7,9-10,12-13,15-16,21-22,25H,2-5,8,11,14,17-20H2,1H3,(H,24,26)/b7-6-,10-9-,13-12-,16-15-/t21-,22-/m0/s1","[""(1S,2S)-N-Arachidonoylcyclopropanolamide""]",False,False,
CHEMBL491384,CC1=C(C(=O)c2ccccc2)[C@H](c2cccc(O)c2)NC(=S)N1C,JGBBILLMZPWNFU-KRWDZBQOSA-N,(S)-MON-97,Small molecule,MOL,,,,338.43,3.41,0.0,NEUTRAL,44576259.0,,,,,,,,[],-1.0,False,2.0,3.06,3.07,9.39,,C19H18N2O2S,3.0,4.0,2.0,2.0,24.0,338.43,338.1089,-0.58,0.0,52.57,0.66,N,3.0,-1,False,,True,True,False,False,False,True,"InChI=1S/C19H18N2O2S/c1-12-16(18(23)13-7-4-3-5-8-13)17(20-19(24)21(12)2)14-9-6-10-15(22)11-14/h3-11,17,22H,1-2H3,(H,20,24)/t17-/m0/s1",,False,False,
CHEMBL49623,C[C@@H]([C@H](O)c1ccc(O)cc1)N1CCC(Cc2ccccc2)CC1,UYNVMODNBIQBMV-KKSFZXQISA-N,"(R,S)-IFENPRODIL",Small molecule,MOL,,,,325.45,3.77,0.0,BASE,6604117.0,,,,,,,,[],-1.0,False,2.0,2.3,3.57,9.67,9.03,C21H27NO2,3.0,3.0,2.0,2.0,24.0,325.45,325.2042,0.06,0.0,43.7,0.88,N,5.0,-1,False,,True,True,False,False,False,True,"InChI=1S/C21H27NO2/c1-16(21(24)19-7-9-20(23)10-8-19)22-13-11-18(12-14-22)15-17-5-3-2-4-6-17/h2-10,16,18,21,23-24H,11-15H2,1H3/t16-,21-/m0/s1",,False,False,
CHEMBL504816,Cn1cc(C[C@H](N)C(=O)O)c2ccccc21,ZADWXFSZEAPBJS-JTQLQIEISA-N,(L)-1-METHYLTRYPTOPHAN,Small molecule,MOL,,,,218.26,1.13,0.0,ZWITTERION,676159.0,,,,,,,,[],-1.0,False,2.0,-0.87,-0.86,2.56,9.39,C12H14N2O2,3.0,4.0,2.0,3.0,16.0,218.26,218.1055,0.05,0.0,68.25,0.81,N,3.0,-1,False,,True,True,False,False,False,True,"InChI=1S/C12H14N2O2/c1-14-7-8(6-10(13)12(15)16)9-4-2-3-5-11(9)14/h2-5,7,10H,6,13H2,1H3,(H,15,16)/t10-/m0/s1","[""1-Methyltryptophan""]",False,False,
CHEMBL508781,COc1cc2c3cc1Oc1c(O)c(OC)cc4c1[C@H](Cc1ccc(cc1)Oc1cc(ccc1O)C[C@H]3N(C)CC2)N(C)CC4,LFFQVHXIFJLJSP-IZLXSDGUSA-N,,Small molecule,MOL,,,,594.71,6.56,2.0,NEUTRAL,362574.0,,,,,,,,[],-1.0,False,4.0,5.15,5.68,8.69,7.96,C36H38N2O6,8.0,8.0,2.0,2.0,44.0,594.71,594.273,1.95,2.0,83.86,0.27,N,2.0,-1,False,,True,True,False,False,False,True,"InChI=1S/C36H38N2O6/c1-37-13-11-23-18-31(41-3)32-20-26(23)27(37)16-22-7-10-29(39)30(17-22)43-25-8-5-21(6-9-25)15-28-34-24(12-14-38(28)2)19-33(42-4)35(40)36(34)44-32/h5-10,17-20,27-28,39-40H,11-16H2,1-4H3/t27-,28+/m1/s1","[""(+)-Aromoline""]",False,False,
CHEMBL513172,Cn1cc(CC(N)C(=O)O)c2ccccc21,ZADWXFSZEAPBJS-UHFFFAOYSA-N,1-METHYLTRYPTOPHAN,Small molecule,MOL,,,,218.26,1.13,0.0,ZWITTERION,98112.0,,,,,,,,[],-1.0,False,2.0,-0.87,-0.86,2.56,9.39,C12H14N2O2,3.0,4.0,2.0,3.0,16.0,218.26,218.1055,0.05,0.0,68.25,0.81,N,3.0,-1,False,,True,True,False,False,False,True,"InChI=1S/C12H14N2O2/c1-14-7-8(6-10(13)12(15)16)9-4-2-3-5-11(9)14/h2-5,7,10H,6,13H2,1H3,(H,15,16)","[""1-Methyltryptophan""]",False,False,
CHEMBL51697,CN1Cc2c(N)cccc2[C@H](c2ccccc2)C1,XXPANQJNYNUNES-AWEZNQCLSA-N,,Small molecule,MOL,,,,238.33,2.85,0.0,BASE,55993.0,,,,,,,,[],-1.0,False,2.0,1.21,2.62,,8.8,C16H18N2,2.0,2.0,1.0,2.0,18.0,238.33,238.147,0.22,0.0,29.26,0.77,Y,1.0,-1,False,,True,True,False,False,False,True,"InChI=1S/C16H18N2/c1-18-10-14(12-6-3-2-4-7-12)13-8-5-9-16(17)15(13)11-18/h2-9,14H,10-11,17H2,1H3/t14-/m0/s1","[""(S)-Nomifensine""]",False,False,
CHEMBL522806,CC1=C(C(=O)c2ccccc2)[C@@H](c2cccc(O)c2)NC(=S)N1C,JGBBILLMZPWNFU-QGZVFWFLSA-N,(R)-MON-97,Small molecule,MOL,,,,338.43,3.41,0.0,NEUTRAL,15942673.0,,,,,,,,[],-1.0,False,2.0,3.06,3.07,9.39,,C19H18N2O2S,3.0,4.0,2.0,2.0,24.0,338.43,338.1089,-0.58,0.0,52.57,0.66,N,3.0,-1,False,,True,True,False,False,False,True,"InChI=1S/C19H18N2O2S/c1-12-16(18(23)13-7-4-3-5-8-13)17(20-19(24)21(12)2)14-9-6-10-15(22)11-14/h3-11,17,22H,1-2H3,(H,20,24)/t17-/m1/s1",,False,False,
CHEMBL54727,CN1CC[C@@]2(C)c3cc(OC(=O)Nc4ccccc4)ccc3N(C)C12,PBHFNBQPZCRWQP-IJHRGXPZSA-N,,Small molecule,MOL,,,,337.42,3.67,0.0,NEUTRAL,9905831.0,,,,,,,,[],-1.0,False,2.0,4.19,4.25,12.86,6.58,C20H23N3O2,4.0,5.0,1.0,1.0,25.0,337.42,337.179,0.38,0.0,44.81,0.91,N,2.0,-1,False,,True,True,False,False,False,True,"InChI=1S/C20H23N3O2/c1-20-11-12-22(2)18(20)23(3)17-10-9-15(13-16(17)20)25-19(24)21-14-7-5-4-6-8-14/h4-10,13,18H,11-12H2,1-3H3,(H,21,24)/t18?,20-/m0/s1","[""(-)-Phenserine""]",False,False,
CHEMBL58027,CCCCC[C@H](C[C@H](N)C(=O)O)C(=O)O,BKBDKDBPUAZQBT-SFYZADRCSA-N,,Small molecule,MOL,,,,217.26,1.07,0.0,ZWITTERION,10680281.0,,,,,,,,[],-1.0,False,0.0,-3.55,-0.96,2.37,9.53,C10H19NO4,3.0,5.0,3.0,4.0,15.0,217.26,217.1314,0.98,0.0,100.62,0.53,N,8.0,-1,False,,True,False,False,False,False,True,"InChI=1S/C10H19NO4/c1-2-3-4-5-7(9(12)13)6-8(11)10(14)15/h7-8H,2-6,11H2,1H3,(H,12,13)(H,14,15)/t7-,8+/m1/s1","[""(2S,4R)-4-Pentylglutamic Acid""]",False,False,
CHEMBL58033,CN(C(=O)Cc1ccc(Cl)c(Cl)c1)[C@H]1CCCC[C@@H]1N1CCCC1,VQLPLYSROCPWFF-ROUUACIJSA-N,(-)-U-50488,Small molecule,MOL,,,,369.34,4.4,0.0,BASE,6604724.0,,,,,,,,[],-1.0,False,1.0,2.07,4.3,,9.65,C19H26Cl2N2O,2.0,3.0,0.0,0.0,24.0,369.34,368.1422,-0.64,0.0,23.55,0.79,N,4.0,-1,False,,True,False,False,False,False,True,"InChI=1S/C19H26Cl2N2O/c1-22(19(24)13-14-8-9-15(20)16(21)12-14)17-6-2-3-7-18(17)23-10-4-5-11-23/h8-9,12,17-18H,2-7,10-11,13H2,1H3/t17-,18-/m0/s1","[""(-)-U-50488"",""(-)-U-50488H""]",False,False,
CHEMBL583912,Oc1cc(O)c2c(c1)O[C@H](c1ccc(O)c(O)c1)[C@H](O)C2,PFTAWBLQPZVEMU-UKRRQHHQSA-N,(-)-EPICATECHIN,Small molecule,MOL,,,2.0,290.27,1.55,0.0,NEUTRAL,72276.0,,,,,,,,[],,False,2.0,1.78,1.8,9.0,,C15H14O6,6.0,6.0,5.0,5.0,21.0,290.27,290.079,2.3,0.0,110.38,0.51,N,1.0,1,False,,False,True,False,False,False,False,"InChI=1S/C15H14O6/c16-8-4-11(18)9-6-13(20)15(21-14(9)5-8)7-1-2-10(17)12(19)3-7/h1-5,13,15-20H,6H2/t13-,15-/m1/s1","[""(-)-EPI CATECHIN"",""(-)-EPICATECHIN"",""(-)-EPICATECHOL"",""EPI-CATECHIN"",""EPI-CATECHOL"",""EPICATECHIN"",""EPICATECHOL"",""L-ACACATECHIN"",""L-EPICATECHIN"",""NSC-81161""]",False,False,
CHEMBL60542,CC(C)=CCN1CC[C@]2(C)c3cc(O)ccc3C[C@H]1[C@H]2C,VOKSWYLNZZRQPF-CCKFTAQKSA-N,(+)-PENTAZOCINE,Small molecule,MOL,,,,285.43,3.88,0.0,BASE,12259685.0,,,,,,,,[],-1.0,False,1.0,1.99,3.89,10.42,9.57,C19H27NO,2.0,2.0,1.0,1.0,21.0,285.43,285.2093,1.75,0.0,23.47,0.83,N,2.0,-1,False,,True,True,False,False,False,True,"InChI=1S/C19H27NO/c1-13(2)7-9-20-10-8-19(4)14(3)18(20)11-15-5-6-16(21)12-17(15)19/h5-7,12,14,18,21H,8-11H2,1-4H3/t14-,18+,19+/m1/s1","[""(+)-Pentazocine""]",False,False,
CHEMBL61997,CCC[C@H](C[C@H](N)C(=O)O)C(=O)O,KXVTWKUIWACPEZ-RITPCOANSA-N,,Small molecule,MOL,,,,189.21,0.29,0.0,ZWITTERION,11745400.0,,,,,,,,[],-1.0,False,0.0,-4.55,-1.83,2.22,9.53,C8H15NO4,3.0,5.0,3.0,4.0,13.0,189.21,189.1001,0.83,0.0,100.62,0.56,N,6.0,-1,False,,True,False,False,False,False,True,"InChI=1S/C8H15NO4/c1-2-3-5(7(10)11)4-6(9)8(12)13/h5-6H,2-4,9H2,1H3,(H,10,11)(H,12,13)/t5-,6+/m1/s1","[""(2S,4R)-4-Propylglutamic Acid""]",False,False,
CHEMBL63560,C[C@](O)(CS(=O)(=O)c1ccc(F)cc1)C(=O)Nc1ccc(C#N)c(C(F)(F)F)c1,LKJPYSCBVHEWIU-KRWDZBQOSA-N,(R)-BICALUTAMIDE,Small molecule,MOL,,,,430.38,2.88,0.0,NEUTRAL,56069.0,,,,,,,,[],-1.0,False,2.0,2.71,2.71,11.78,,C18H14F4N2O4S,5.0,6.0,2.0,2.0,29.0,430.38,430.061,-1.64,0.0,107.26,0.56,N,5.0,-1,False,,True,False,False,False,False,True,"InChI=1S/C18H14F4N2O4S/c1-17(26,10-29(27,28)14-6-3-12(19)4-7-14)16(25)24-13-5-2-11(9-23)15(8-13)18(20,21)22/h2-8,26H,10H2,1H3,(H,24,25)/t17-/m0/s1","[""ICI-176334""]",False,False,
CHEMBL66,O=C1c2c(O)cc(O)cc2O[C@H](c2ccc(O)c(O)c2)[C@H]1O,CXQWRCVTCMQVQX-LSDHHAIUSA-N,(+)-TAXIFOLIN,Small molecule,MOL,,,,304.25,1.19,0.0,NEUTRAL,439533.0,,,,,,,,[],-1.0,False,2.0,1.65,1.82,7.74,,C15H12O7,7.0,7.0,5.0,5.0,22.0,304.25,304.0583,2.3,0.0,127.45,0.5,N,1.0,-1,False,,True,True,False,False,False,True,"InChI=1S/C15H12O7/c16-7-4-10(19)12-11(5-7)22-15(14(21)13(12)20)6-1-2-8(17)9(18)3-6/h1-5,14-19,21H/t14-,15+/m0/s1","[""(+)-TAXIFOLIN""]",False,False,
CHEMBL75228,c1ccc(CCN2CCCCC2)cc1,DBDVAKGHPZJLTH-UHFFFAOYSA-N,1-PHENETHYLPIPERIDINE,Small molecule,MOL,,,,189.3,2.72,0.0,BASE,9513.0,,,,,,,,[],-1.0,False,1.0,0.87,3.05,,9.6,C13H19N,1.0,1.0,0.0,0.0,14.0,189.3,189.1517,-0.99,0.0,3.24,0.71,Y,3.0,-1,False,,True,False,False,False,False,True,"InChI=1S/C13H19N/c1-3-7-13(8-4-1)9-12-14-10-5-2-6-11-14/h1,3-4,7-8H,2,5-6,9-12H2","[""1-Phenethyl-Piperidine"",""1-Phenethylpiperidine"",""N-(2-Phenylethyl)Piperidine"",""N-Phenethylpiperidine""]",False,False,
CHEMBL76658,O=c1ccc2c([nH]1)CCCC2NCCCCCCCCCCNc1c2c(nc3ccccc13)CCCC2,ROTFGKJJMRTWBD-UHFFFAOYSA-N,,Small molecule,MOL,,,,500.73,7.0,2.0,BASE,10028957.0,,,,,,,,[],-1.0,False,3.0,2.28,5.88,11.33,9.94,C32H44N4O,4.0,5.0,3.0,3.0,37.0,500.73,500.3515,-0.53,2.0,69.81,0.22,N,13.0,-1,False,,True,True,False,False,False,True,"InChI=1S/C32H44N4O/c37-31-21-20-24-27(18-13-19-28(24)36-31)33-22-11-5-3-1-2-4-6-12-23-34-32-25-14-7-9-16-29(25)35-30-17-10-8-15-26(30)32/h7,9,14,16,20-21,27,33H,1-6,8,10-13,15,17-19,22-23H2,(H,34,35)(H,36,37)","[""(RS)-Tacrine(10)-Hupyridone""]",False,False,
CHEMBL77484,O=C(O)[C@H]1CCCNC1,XJLSEXAGTJCILF-YFKPBYRVSA-N,(S)-NIPECOTIC ACID,Small molecule,MOL,,,,129.16,0.07,0.0,ZWITTERION,6575389.0,,,,,,,,[],-1.0,False,0.0,-2.44,-2.44,3.79,10.24,C6H11NO2,2.0,3.0,2.0,2.0,9.0,129.16,129.079,0.17,0.0,49.33,0.53,Y,1.0,-1,False,,True,True,False,False,False,True,"InChI=1S/C6H11NO2/c8-6(9)5-2-1-3-7-4-5/h5,7H,1-4H2,(H,8,9)/t5-/m0/s1","[""(S)-Nipecotic Acid"",""Piperidine-3-Carboxylic Acid""]",False,False,
CHEMBL77575,O=C(O)[C@@H]1CCCNC1,XJLSEXAGTJCILF-RXMQYKEDSA-N,(R)-NIPECOTIC ACID,Small molecule,MOL,,,,129.16,0.07,0.0,ZWITTERION,1796510.0,,,,,,,,[],-1.0,False,0.0,-2.44,-2.44,3.79,10.24,C6H11NO2,2.0,3.0,2.0,2.0,9.0,129.16,129.079,0.17,0.0,49.33,0.53,Y,1.0,-1,False,,True,True,False,False,False,True,"InChI=1S/C6H11NO2/c8-6(9)5-2-1-3-7-4-5/h5,7H,1-4H2,(H,8,9)/t5-/m1/s1","[""(R)-Nipecotic Acid"",""Nipecotic Acid"",""Piperidine-3-Carboxylic Acid""]",False,False,
CHEMBL81421,Cc1c(C)c2c(c(C)c1OC(=O)CCC(=O)O)CC[C@@](C)(CCC[C@H](C)CCC[C@H](C)CCCC(C)C)O2,IELOKBJPULMYRW-NJQVLOCASA-N,(+)-ALPHA-TOCOPHERYL SUCCINATE,Small molecule,MOL,,,,530.79,8.9,2.0,ACID,20353.0,,,,,,,,[],-1.0,False,1.0,7.08,10.24,4.0,,C33H54O5,4.0,5.0,1.0,1.0,38.0,530.79,530.3971,1.2,2.0,72.83,0.17,N,16.0,-1,False,,True,True,False,False,False,True,"InChI=1S/C33H54O5/c1-22(2)12-9-13-23(3)14-10-15-24(4)16-11-20-33(8)21-19-28-27(7)31(25(5)26(6)32(28)38-33)37-30(36)18-17-29(34)35/h22-24H,9-21H2,1-8H3,(H,34,35)/t23-,24-,33-/m1/s1","[""Alpha-Tocopheryl Succinate""]",False,False,
CHEMBL86513,CC(C)=CCC/C(C)=C/CC/C(C)=C/CC(P(=O)(O)O)P(=O)(O)O,QBAOBDKNTDWTHR-YFVJMOTDSA-N,,Small molecule,MOL,,,,380.36,4.48,0.0,ACID,,,,,,,,,[],-1.0,False,0.0,-2.31,2.43,1.21,,C16H30O6P2,2.0,6.0,4.0,4.0,24.0,380.36,380.1518,1.37,0.0,115.06,0.33,N,10.0,-1,False,,True,False,False,False,False,True,"InChI=1S/C16H30O6P2/c1-13(2)7-5-8-14(3)9-6-10-15(4)11-12-16(23(17,18)19)24(20,21)22/h7,9,11,16H,5-6,8,10,12H2,1-4H3,(H2,17,18,19)(H2,20,21,22)/b14-9+,15-11+","[""(2E,6E)-Farnesylbisphosphonate"",""2E,6E-Farnesyl Bisphosphonate""]",False,False,
