uniprot_id,names,genus,superkingdom,phylum,taxon_id,molecular_function,cellular_component,ec_numbers,subcellular_location,topology,transmembrane,intramembrane,glycosylation,lipidation,disulfide_bond,modified_residue,phosphorylation,acetylation,ubiquitination,signal_peptide,propeptide,isoform_names,isoform_ids,isoform_synonyms,GuidetoPHARMACOLOGY,family,SUPFAM,PROSITE,InterPro,Pfam,PRINTS,TCDB,reactions,reaction_ec_numbers
G8JZV3,Probable nitronate monooxygenase|fabK,Streptococcus,Bacteria,Bacillati,1313,Oxidoreductase,,,N/A,N/A,False,False,False,False,False,False,False,False,False,False,False,None,None,None,,,SSF51412,,IPR013785|IPR017569|IPR004136,PF03060,,,,
A6NJU2,Dardarin|LRRK2|Leucine-rich repeat serine/threonine-protein kinase 2|PARK8,Homo,Eukaryota,Chordata,9606,GTPase activation|Hydrolase|Kinase|Serine/threonine-protein kinase|Transferase,Cell projection|Cytoplasm|Cytoplasmic vesicle|Cytoskeleton|Endoplasmic reticulum|Endosome|Golgi apparatus|Lysosome|Membrane|Mitochondrion|Mitochondrion outer membrane|Synapse,2.7.11.1|3.6.5.-,"Cell projection, axon|Cell projection, dendrite|Cytoplasm, cytoskeleton|Cytoplasmic vesicle|Cytoplasmic vesicle, phagosome|Cytoplasmic vesicle, secretory vesicle, synaptic vesicle membrane|Endoplasmic reticulum membrane|Endosome|Golgi apparatus membrane|Lysosome|Mitochondrion outer membrane|Perikaryon",Peripheral membrane protein,False,False,False,False,False,True,False,False,False,False,False,None,None,None,2059,,SSF48371|SSF52058|SSF52540|SSF56112|SSF50978,PS51450|PS00107|PS50011|PS00108|PS51424,IPR056593|IPR036770|IPR011989|IPR016024|IPR056597|IPR056602|IPR032171|IPR011009|IPR001611|IPR003591|IPR032675|IPR027417|IPR000719|IPR017441|IPR020859|IPR008271|IPR051420|IPR005225|IPR015943|IPR036322,PF23745|PF23744|PF23748|PF16095|PF25497|PF13855|PF00069|PF08477,PR00449,8.A.23.1.54,L-threonyl-[protein] + ATP = O-phospho-L-threonyl-[protein] + ADP + H(+)|L-seryl-[protein] + ATP = O-phospho-L-seryl-[protein] + ADP + H(+)|GTP + H2O = GDP + phosphate + H(+),2.7.11.1|2.7.11.1
O60433,BRD4|Bromodomain-containing protein 4|HUNK1|Protein HUNK1,Homo,Eukaryota,Chordata,9606,Chromatin regulator,Chromosome|Nucleus,,Chromosome|Nucleus,N/A,False,False,False,False,False,True,False,False,False,False,False,A|C|B,O60885-1|O60885-2|O60885-3,Brd4L:Long|Brd4S:Short|N/A,1945,,SSF47370,PS00633|PS50014|PS51525,IPR031354|IPR043508|IPR043509|IPR050935|IPR001487|IPR036427|IPR018359|IPR027353|IPR038336,PF17035|PF17105|PF00439,PR00503,,,
P00349,"6-phosphogluconate dehydrogenase, decarboxylating|PGD",Ovis,Eukaryota,Chordata,9940,Oxidoreductase,Cytoplasm,1.1.1.44,Cytoplasm,N/A,False,False,False,False,False,True,False,False,False,False,False,None,None,None,,,SSF48179|SSF51735,PS00461,IPR008927|IPR013328|IPR006114|IPR006113|IPR006115|IPR006184|IPR036291|IPR006183,PF00393|PF03446,PR00076,,6-phospho-D-gluconate + NADP(+) = D-ribulose 5-phosphate + CO2 + NADPH,1.1.1.44
B4DTA4,15-hydroxyprostaglandin dehydrogenase [NAD(+)]|Eicosanoid/docosanoid dehydrogenase [NAD(+)]|HPGD|PGDH1|Prostaglandin dehydrogenase 1|SDR36C1|Short chain dehydrogenase/reductase family 36C member 1,Homo,Eukaryota,Chordata,9606,Oxidoreductase,Cytoplasm,1.1.1.-|1.1.1.141|1.1.1.232,Cytoplasm,N/A,False,False,False,False,False,False,False,False,False,False,False,1|2|3|4|5,P15428-1|P15428-2|P15428-3|P15428-4|P15428-5,N/A|N/A|N/A|N/A|N/A,1384,,SSF51735,PS00061,IPR036291|IPR020904|IPR002347,PF00106,PR00081|PR00080,,"prostaglandin E2 + NAD(+) = 15-oxoprostaglandin E2 + NADH + H(+)|(15S)-hydroxy-(5Z,8Z,11Z,13E)-eicosatetraenoate + NAD(+) = 15-oxo-(5Z,8Z,11Z,13E)-eicosatetraenoate + NADH + H(+)|(11R)-hydroxy-(5Z,8Z,12E,14Z)-eicosatetraenoate + NAD(+) = 11-oxo-(5Z,8Z,12E,14Z)-eicosatetraenoate + NADH + H(+)|lipoxin A4 + NAD(+) = 15-oxo-(5S,6R)-dihydroxy-(7E,9E,11Z,13E)-eicosatetraenoate + NADH + H(+)|15-oxo-(5S,6R)-dihydroxy-(7E,9E,11Z)-eicosatrienoate + NADH + H(+) = (5S,6R,15S)-trihydroxy-(7E,9E,11Z)-eicosatrienoate + NAD(+)|prostaglandin A1 + NAD(+) = 15-oxo-prostaglandin A1 + NADH + H(+)|prostaglandin E1 + NAD(+) = 15-oxoprostaglandin E1 + NADH + H(+)|14-hydroxy-(4Z,7Z,10Z,12E,16Z,19Z)-docosahexaenoate + NAD(+) = 14-oxo-(4Z,7Z,10Z,12E,16Z,19Z)-docosahexaenoate + NADH + H(+)|resolvin E1 + NAD(+) = 18-oxo-resolvin E1 + NADH + H(+)|resolvin D1 + NAD(+) = 8-oxoresolvin D1 + NADH + H(+)|resolvin D1 + NAD(+) = 17-oxoresolvin D1 + NADH + H(+)|resolvin D2 + NAD(+) = 7-oxoresolvin D2 + NADH + H(+)|resolvin D2 + NAD(+) = 16-oxoresolvin D2 + NADH + H(+)",1.1.1.141|1.1.1.232
B2RTS1,"DNA topoisomerase 2-alpha|DNA topoisomerase II, alpha isozyme|TOP2|TOP2A",Homo,Eukaryota,Chordata,9606,DNA-binding|Isomerase|Topoisomerase,Cytoplasm|Nucleus,5.6.2.2,"Cytoplasm|Nucleus|Nucleus, nucleolus|Nucleus, nucleoplasm",N/A,False,False,False,False,False,True,False,False,False,False,False,1|2|3|4,P11388-1|P11388-2|P11388-3|P11388-4,N/A|N/A|N/A|N/A,2637,,SSF55874|SSF54211|SSF56719,PS52040|PS00177|PS50880,IPR050634|IPR012542|IPR036890|IPR020568|IPR014721|IPR001241|IPR013760|IPR013758|IPR013757|IPR013759|IPR013506|IPR002205|IPR001154|IPR018522|IPR031660|IPR006171|IPR034157,PF00204|PF00521|PF08070|PF02518|PF01751|PF16898,PR01158|PR00418,,"ATP-dependent breakage, passage and rejoining of double-stranded DNA.",5.6.2.2
D3DQE1,HDAC3|Histone deacetylase 3|Protein deacetylase HDAC3|Protein deacylase HDAC3|RPD3-2|SMAP45,Homo,Eukaryota,Chordata,9606,Chromatin regulator|Hydrolase|Repressor,Chromosome|Cytoplasm|Nucleus,3.5.1.-|3.5.1.98,"Chromosome|Cytoplasm|Cytoplasm, cytosol|Nucleus",N/A,False,False,False,False,False,True,False,False,False,False,False,1|2,O15379-1|O15379-2,RPD3-2B|RPD3-2A,2617,,SSF52768,,IPR050284|IPR000286|IPR003084|IPR023801|IPR037138|IPR023696,PF00850,PR01270|PR01271,,N(6)-acetyl-L-lysyl-[histone] + H2O = L-lysyl-[histone] + acetate|N(6)-acetyl-L-lysyl-[protein] + H2O = L-lysyl-[protein] + acetate|N(6)-(2E)-butenoyl-L-lysyl-[protein] + H2O = (2E)-2-butenoate + L-lysyl-[protein]|N(6)-(2-hydroxyisobutanoyl)-L-lysyl-[protein] + H2O = 2-hydroxy-2-methylpropanoate + L-lysyl-[protein]|N(6)-[(S)-lactoyl]-L-lysyl-[protein] + H2O = (S)-lactate + L-lysyl-[protein],3.5.1.98
P34988,SSTR5|Somatostatin receptor type 5,Homo,Eukaryota,Chordata,9606,G-protein coupled receptor|Receptor|Transducer,Cell membrane|Membrane,,Cell membrane,Multi-pass membrane protein,True,False,True,True,True,True,False,False,False,False,False,None,None,None,359,,SSF81321,PS00237|PS50262,IPR000276|IPR017452|IPR000586|IPR001184,PF00001,PR00237|PR00246|PR00591,,,
D3DPA8,BAZ2B|Bromodomain adjacent to zinc finger domain protein 2B|KIAA1476|hWALp4,Homo,Eukaryota,Chordata,9606,DNA-binding,Nucleus,,Nucleus,N/A,False,False,False,False,False,True,False,False,False,False,False,1|2|3|4|5,Q9UIF8-1|Q9UIF8-2|Q9UIF8-3|Q9UIF8-4|Q9UIF8-5,N/A|N/A|N/A|N/A|N/A,2722,,SSF47370|SSF54171|SSF57903,PS00633|PS50014|PS50827|PS50982|PS50016,IPR037374|IPR001487|IPR036427|IPR018359|IPR018501|IPR016177|IPR001739|IPR028941|IPR011011|IPR001965|IPR019787|IPR013083,PF00439|PF02791|PF01429|PF00628|PF15613,PR00503,,,
Q1HE20,G21|HCP1|Heme carrier protein 1|PCFT|PCFT/HCP1|Proton-coupled folate transporter|SLC46A1|Solute carrier family 46 member 1,Homo,Eukaryota,Chordata,9606,,Cell membrane|Cytoplasm|Endosome|Membrane,,Apical cell membrane|Basolateral cell membrane|Cell membrane|Cytoplasm|Endosome membrane,Multi-pass membrane protein,True,False,True,False,True,True,False,False,False,False,False,1|2,Q96NT5-1|Q96NT5-2,N/A|N/A,1213,,SSF103473,PS50850,IPR011701|IPR020846|IPR036259|IPR005829,PF07690,,2.A.1.50.1,"folate(in) + H(+)(in) = folate(out) + H(+)(out)|(6S)-5-methyl-5,6,7,8-tetrahydrofolate(in) + H(+)(in) = (6S)-5-methyl-5,6,7,8-tetrahydrofolate(out) + H(+)(out)|methotrexate(in) + H(+)(in) = methotrexate(out) + H(+)(out)|pemetrexed(in) + H(+)(in) = pemetrexed(out) + H(+)(out)",
A0A0B4J1T2,AR|Androgen receptor|DHTR|Dihydrotestosterone receptor|NR3C4|Nuclear receptor subfamily 3 group C member 4,Homo,Eukaryota,Chordata,9606,Activator|DNA-binding|Receptor,Cytoplasm|Nucleus,,Cytoplasm|Nucleus,N/A,False,False,False,False,False,True,False,False,False,False,False,1|2|3|4,P10275-1|P10275-2|P10275-3|P10275-4,AR-B|AR-A:Variant AR45|AR3|AR4,628,,SSF57716|SSF48508,PS51843|PS00031|PS51030,IPR001103|IPR035500|IPR000536|IPR050200|IPR001628|IPR013088,PF02166|PF00104|PF00105,PR00521|PR00047,,,
A8K3B5,EAR7|ERBA1|NR1A1|Nuclear receptor subfamily 1 group A member 1|THRA|THRA1|THRA2|Thyroid hormone receptor alpha|V-erbA-related protein 7|c-erbA-1|c-erbA-alpha,Homo,Eukaryota,Chordata,9606,DNA-binding|Receptor,Cytoplasm|Nucleus,,Cytoplasm|Nucleus,N/A,False,False,False,False,False,False,False,False,False,False,False,Alpha-2|Alpha-1|Alpha-3|Alpha-4,P10827-1|P10827-2|P10827-3|P10827-4,N/A|N/A|N/A|Alpha3,588,,SSF57716|SSF48508,PS51843|PS00031|PS51030,IPR035500|IPR000536|IPR050234|IPR001723|IPR001728|IPR001628|IPR013088,PF00104|PF00105,PR00398|PR00047|PR00546,,,
C4WYH4,5-hydroxytryptamine receptor 4|HTR4|Serotonin receptor 4,Homo,Eukaryota,Chordata,9606,G-protein coupled receptor|Receptor|Transducer,Cell membrane|Endosome|Membrane,,Cell membrane|Endosome membrane,Multi-pass membrane protein,True,False,True,False,True,False,False,False,False,False,False,5-HT4(B)|5-HT4(A)|5-HT4(C)|5-HT4(D)|5-HT4(E)|5-HT4(F)|5-HT4(G)|5-HT4(I)|5-HT4c1,Q13639-1|Q13639-2|Q13639-3|Q13639-4|Q13639-5|Q13639-6|Q13639-7|Q13639-8|Q13639-9,N/A|5-HT4S|N/A|N/A|H5-HT4(g)|N/A|N/A|N/A|N/A,9,,SSF81321,PS00237|PS50262,IPR001520|IPR000276|IPR017452,PF00001,PR01059|PR00237,9.A.14.3.18,,
B2R9D5,5-hydroxytryptamine receptor 2B|HTR2B|Serotonin receptor 2B,Homo,Eukaryota,Chordata,9606,G-protein coupled receptor|Receptor|Transducer,Cell membrane|Membrane|Synapse|Synaptosome,,"Cell membrane|Synapse, synaptosome",Multi-pass membrane protein,True,False,True,True,True,False,False,False,False,False,False,None,None,None,7,,SSF81321,PS00237|PS50262,IPR000482|IPR002231|IPR000276|IPR017452,PF00001,PR00651|PR01101|PR00237,9.A.14.3.7,,
A8K7P5,SENP1|Sentrin-specific protease 1|Sentrin/SUMO-specific protease SENP1,Homo,Eukaryota,Chordata,9606,Hydrolase|Protease|Thiol protease,Cytoplasm|Nucleus,3.4.22.-,Cytoplasm|Nucleus,N/A,False,False,False,False,False,True,False,False,False,False,False,1|2,Q9P0U3-1|Q9P0U3-2,N/A|N/A,2414,,SSF54001,PS50600,IPR038765|IPR003653,PF02902,,,,
Q16731,ARO1|Aromatase|CYAR|CYP19|CYP19A1|CYPXIX|Cytochrome P-450AROM|Cytochrome P450 19A1|Estrogen synthase,Homo,Eukaryota,Chordata,9606,Monooxygenase|Oxidoreductase,Endoplasmic reticulum|Membrane|Microsome,1.14.14.14,Endoplasmic reticulum membrane|Microsome membrane,Multi-pass membrane protein,True,False,False,False,False,False,False,False,False,False,False,1|2,P11511-1|P11511-2,N/A|N/A,1362,,SSF48264,PS00086,IPR001128|IPR017972|IPR002401|IPR036396|IPR050196,PF00067,PR00463|PR00385,,"testosterone + 3 reduced [NADPH--hemoprotein reductase] + 3 O2 = 17beta-estradiol + formate + 3 oxidized [NADPH--hemoprotein reductase] + 4 H2O + 4 H(+)|androst-4-ene-3,17-dione + 3 reduced [NADPH--hemoprotein reductase] + 3 O2 = estrone + formate + 3 oxidized [NADPH--hemoprotein reductase] + 4 H2O + 4 H(+)|androst-4-ene-3,17-dione + reduced [NADPH--hemoprotein reductase] + O2 = 19-hydroxyandrost-4-ene-3,17-dione + oxidized [NADPH--hemoprotein reductase] + H2O + H(+)|19-hydroxyandrost-4-ene-3,17-dione + reduced [NADPH--hemoprotein reductase] + O2 = 19-oxo-androst-4-ene-3,17-dione + oxidized [NADPH--hemoprotein reductase] + 2 H2O + H(+)|19-oxo-androst-4-ene-3,17-dione + reduced [NADPH--hemoprotein reductase] + O2 = estrone + formate + oxidized [NADPH--hemoprotein reductase] + H2O + 2 H(+)|estrone + reduced [NADPH--hemoprotein reductase] + O2 = 2-hydroxyestrone + oxidized [NADPH--hemoprotein reductase] + H2O + H(+)|17beta-hydroxy-5alpha-androstan-3-one + reduced [NADPH--hemoprotein reductase] + O2 = 17beta,19-dihydroxy-3-oxo-5alpha-androstanone + oxidized [NADPH--hemoprotein reductase] + H2O + H(+)|17beta,19-dihydroxy-3-oxo-5alpha-androstanone + reduced [NADPH--hemoprotein reductase] + O2 = 17beta-hydroxy-3,19-dioxo-5alpha-androstanone + oxidized [NADPH--hemoprotein reductase] + 2 H2O + H(+)|17beta-hydroxy-3,19-dioxo-5alpha-androstanone + reduced [NADPH--hemoprotein reductase] + O2 = 17beta-hydroxy-3-oxo-19-nor-5alpha-androst-1-ene + formate + oxidized [NADPH--hemoprotein reductase] + H2O + 2 H(+)",1.14.14.14|1.14.14.14
P28221,5-hydroxytryptamine receptor 1D|HTR1D|HTR1DA|HTRL|Serotonin 1D alpha receptor|Serotonin receptor 1D,Homo,Eukaryota,Chordata,9606,G-protein coupled receptor|Receptor|Transducer,Cell membrane|Membrane,,Cell membrane,Multi-pass membrane protein,True,False,True,False,True,False,False,False,False,False,False,None,None,None,3,,SSF81321,PS00237|PS50262,IPR000505|IPR002231|IPR000276|IPR017452,PF00001,PR00514|PR01101|PR00237,,,
B3KU79,ERBA2|NR1A2|Nuclear receptor subfamily 1 group A member 2|THR1|THRB|Thyroid hormone receptor beta|c-erbA-2|c-erbA-beta,Homo,Eukaryota,Chordata,9606,DNA-binding|Receptor,Nucleus,,Nucleus,N/A,False,False,False,False,False,False,False,False,False,False,False,Beta-1|Beta-2,P10828-1|P10828-2:P37243-1,N/A|N/A,589,,SSF57716|SSF48508,PS51843|PS00031|PS51030,IPR035500|IPR000536|IPR050234|IPR001723|IPR001728|IPR001628|IPR013088,PF00104|PF00105,PR00398|PR00047|PR00546,,,
A4D2J7,NPC1-like intracellular cholesterol transporter 1|NPC1L1|Niemann-Pick C1-like protein 1,Homo,Eukaryota,Chordata,9606,,Cell membrane|Cytoplasmic vesicle|Membrane,,Apical cell membrane|Cell membrane|Cytoplasmic vesicle membrane,Multi-pass membrane protein,True,False,True,False,True,False,False,False,False,False,False,1|2|3|4,Q9UHC9-1|Q9UHC9-2|Q9UHC9-3|Q9UHC9-4,N/A|NPC1L1DELTAE15|NPCL1T|N/A,2629,,SSF82866,PS50156,IPR053958|IPR053956|IPR032190|IPR000731,PF22314|PF16414|PF12349,,2.A.6.6.6,cholesterol(in) = cholesterol(out)|sitosterol(out) = sitosterol(in),
B3KRS5,HDAC2|Histone deacetylase 2|Protein deacylase HDAC2,Homo,Eukaryota,Chordata,9606,Chromatin regulator|Hydrolase|Repressor,Cytoplasm|Nucleus,3.5.1.-|3.5.1.98,Cytoplasm|Nucleus,N/A,False,False,False,False,False,True,False,False,False,False,False,1|2,Q92769-1|Q92769-3,N/A|N/A,2616,,SSF52768,,IPR050284|IPR000286|IPR003084|IPR023801|IPR037138|IPR023696,PF00850,PR01270|PR01271,,N(6)-acetyl-L-lysyl-[histone] + H2O = L-lysyl-[histone] + acetate|N(6)-acetyl-L-lysyl-[protein] + H2O = L-lysyl-[protein] + acetate|N(6)-(2E)-butenoyl-L-lysyl-[protein] + H2O = (2E)-2-butenoate + L-lysyl-[protein]|N(6)-(2-hydroxyisobutanoyl)-L-lysyl-[protein] + H2O = 2-hydroxy-2-methylpropanoate + L-lysyl-[protein]|N(6)-[(S)-lactoyl]-L-lysyl-[protein] + H2O = (S)-lactate + L-lysyl-[protein],3.5.1.98
O00688,,,,,,,,,N/A,N/A,False,False,False,False,False,False,False,False,False,False,False,None,None,None,,,,,,,,,,
Q6LAE7,5-hydroxytryptamine receptor 1A|ADRB2RL1|ADRBRL1|G-21|HTR1A|Serotonin receptor 1A,Homo,Eukaryota,Chordata,9606,G-protein coupled receptor|Receptor|Transducer,Cell membrane|Cell projection|Membrane,,"Cell membrane|Cell projection, dendrite",Multi-pass membrane protein,True,False,True,False,True,False,False,False,False,False,False,None,None,None,1,,SSF81321,PS00237|PS50262,IPR000610|IPR002231|IPR000276|IPR017452,PF00001,PR00512|PR01101|PR00237,9.A.14.3.14,,
O75228,Prostanoid TP receptor|TBXA2R|Thromboxane A2 receptor,Homo,Eukaryota,Chordata,9606,G-protein coupled receptor|Receptor|Transducer,Cell membrane|Membrane,,Cell membrane,Multi-pass membrane protein,True,False,True,False,True,True,False,False,False,False,False,1|2,P21731-3|P21731-2,Alpha:Placenta receptor|Beta:Endothelial receptor,346,,SSF81321,PS00237|PS50262,IPR000276|IPR017452|IPR008365|IPR001105,PF00001,PR00237|PR01788|PR00429,,,
A1L4K5,BAR|Bile acid receptor|FXR|Farnesoid X-activated receptor|Farnesol receptor HRR-1|HRR1|NR1H4|Nuclear receptor subfamily 1 group H member 4|RIP14|Retinoid X receptor-interacting protein 14,Homo,Eukaryota,Chordata,9606,Activator|DNA-binding|Receptor|Repressor,Nucleus,,Nucleus,N/A,False,False,False,False,False,True,False,False,False,False,False,1|2|3|4|5,Q96RI1-3|Q96RI1-4|Q96RI1-1|Q96RI1-2|Q96RI1-5,FXRalpha2(+):FXRalpha1:FXRbeta1|FXRalpha2(-):FXRalpha4:FXRbeta2|FXRalpha1(+):FXRalpha1|FXRalpha1(-):FXRalpha2|N/A,603,,SSF57716|SSF48508,PS51843|PS00031|PS51030,IPR035500|IPR044114|IPR000536|IPR050234|IPR001723|IPR001728|IPR001628|IPR013088,PF00104|PF00105,PR00398|PR00047|PR00546,,,
Q14CR1,AAA nuclear coregulator cancer-associated protein|ATAD2|ATPase family AAA domain-containing protein 2,Homo,Eukaryota,Chordata,9606,Activator|Hydrolase,Nucleus,3.6.1.-,Nucleus,N/A,False,False,False,False,False,True,False,False,False,False,False,1|2,Q6PL18-1|Q6PL18-2,N/A|N/A,2719,,SSF47370|SSF52540,PS00674|PS50014,IPR003593|IPR041569|IPR045199|IPR003959|IPR003960|IPR001487|IPR036427|IPR027417,PF00004|PF17862|PF00439,PR00503,,ATP + H2O = ADP + phosphate + H(+),
Q9NZR3,D(2) dopamine receptor|DRD2|Dopamine D2 receptor,Homo,Eukaryota,Chordata,9606,G-protein coupled receptor|Receptor|Transducer,Cell membrane|Golgi apparatus|Membrane,,Cell membrane|Golgi apparatus membrane,Multi-pass membrane protein,True,False,True,True,True,False,False,False,False,False,False,1|2|3,P14416-1|P14416-2|P14416-3,D2(Long):D2A|D2(Short):D2B|D2(Longer),215,,SSF81321,PS00237|PS50262,IPR001922|IPR000929|IPR000276|IPR017452,PF00001,PR00567|PR00242|PR00237,9.A.14.3.10,,
B4DNM4,AIK2|AIM1|AIRK2|ARK2|AURKB|Aurora 1|Aurora kinase B|Aurora- and IPL1-like midbody-associated protein 1|Aurora/IPL1-related kinase 2|STK-1|STK1|STK12|STK5|Serine/threonine-protein kinase 12|Serine/threonine-protein kinase 5|Serine/threonine-protein kinase aurora-B,Homo,Eukaryota,Chordata,9606,Kinase|Serine/threonine-protein kinase|Transferase,Centromere|Chromosome|Cytoplasm|Cytoskeleton|Kinetochore|Nucleus,2.7.11.1,"Chromosome|Chromosome, centromere|Chromosome, centromere, kinetochore|Cytoplasm, cytoskeleton, spindle|Midbody|Nucleus",N/A,False,False,False,False,False,True,False,False,False,False,False,1|2|3|4|5,Q96GD4-1|Q96GD4-2|Q96GD4-3|Q96GD4-4|Q96GD4-5,N/A|aurkb-sv1|aurkb-sv2|N/A|N/A,1937,,SSF56112,PS00107|PS50011|PS00108,IPR030616|IPR011009|IPR000719|IPR017441|IPR008271,PF00069,,,L-seryl-[protein] + ATP = O-phospho-L-seryl-[protein] + ADP + H(+)|L-threonyl-[protein] + ATP = O-phospho-L-threonyl-[protein] + ADP + H(+),2.7.11.1|2.7.11.1
Q5SY30,MAP kinase-activated protein kinase 2|MAPKAPK2,Homo,Eukaryota,Chordata,9606,Kinase|Serine/threonine-protein kinase|Transferase,Cytoplasm|Nucleus,2.7.11.1,Cytoplasm|Nucleus,N/A,False,False,False,False,False,True,False,False,False,False,False,1|2,P49137-1|P49137-2,N/A|N/A,2094,,SSF56112,PS00107|PS50011|PS00108,IPR011009|IPR027442|IPR000719|IPR017441|IPR008271,PF00069,,,L-seryl-[protein] + ATP = O-phospho-L-seryl-[protein] + ADP + H(+)|L-threonyl-[protein] + ATP = O-phospho-L-threonyl-[protein] + ADP + H(+),2.7.11.1|2.7.11.1
Q9VFA6,Histone H3-K9 methyltransferase|Histone-lysine N-methyltransferase Su(var)3-9|KMT1|Lysine N-methyltransferase 1|Protein suppressor of variegation 3-9|Su(var)3-9,Sophophora,Eukaryota,Ecdysozoa,7227,Chromatin regulator|Methyltransferase|Repressor|Transferase,Centromere|Chromosome|Nucleus,2.1.1.355,"Chromosome|Chromosome, centromere|Nucleus",N/A,False,False,False,False,False,False,False,False,False,False,False,None,None,None,,,SSF54160|SSF52540|SSF82199,PS00598|PS50013|PS50868|PS50867|PS50280,IPR016197|IPR000953|IPR023780|IPR023779|IPR011381|IPR050973|IPR027417|IPR003616|IPR007728|IPR001214|IPR046341,PF00385|PF05033|PF00856,,,"L-lysyl(9)-[histone H3] + 3 S-adenosyl-L-methionine = N(6),N(6),N(6)-trimethyl-L-lysyl(9)-[histone H3] + 3 S-adenosyl-L-homocysteine + 3 H(+)",2.1.1.355
A6ZJA4,BR140-like protein|BRD1|BRL|BRPF2|Bromodomain and PHD finger-containing protein 2|Bromodomain-containing protein 1,Homo,Eukaryota,Chordata,9606,Chromatin regulator,Chromosome|Nucleus,,Chromosome|Nucleus,N/A,False,False,False,False,False,True,False,False,False,False,False,1|2,O95696-1|O95696-2,N/A|N/A,2724,,SSF47370|SSF57903|SSF63748,PS00633|PS50014|PS51805|PS50812|PS01359|PS50016,IPR001487|IPR036427|IPR018359|IPR042004|IPR042009|IPR019542|IPR034732|IPR050701|IPR000313|IPR019786|IPR011011|IPR001965|IPR019787|IPR013083,PF00439|PF10513|PF13831|PF00855|PF13832,PR00503,,,
A6NFY5,ADORA1|Adenosine receptor A1,Homo,Eukaryota,Chordata,9606,G-protein coupled receptor|Receptor|Transducer,Cell membrane|Membrane,,Cell membrane,Multi-pass membrane protein,True,False,True,True,True,False,False,False,False,False,False,1|2,P30542-1|P30542-2,N/A|N/A,18,,SSF81321,PS00237|PS50262,IPR001068|IPR001634|IPR000276|IPR017452,PF00001,PR00552|PR00424|PR00237,9.A.14.3.4,,
D3DQ19,Anandamide amidohydrolase 1|FAAH|FAAH1|Fatty acid ester hydrolase|Fatty-acid amide hydrolase 1|Oleamide hydrolase 1,Homo,Eukaryota,Chordata,9606,Hydrolase,Cytoplasm|Cytoskeleton|Membrane,3.1.1.-|3.5.1.99,"Cytoplasm, cytoskeleton|Endomembrane system",Single-pass membrane protein,True,False,False,False,False,True,False,False,False,False,False,None,None,None,1400,,SSF75304,PS00571,IPR020556|IPR023631|IPR036928|IPR052096,PF01425,,,"N-(5Z,8Z,11Z,14Z-eicosatetraenoyl)-ethanolamine + H2O = ethanolamine + (5Z,8Z,11Z,14Z)-eicosatetraenoate|(9Z)-octadecenamide + H2O = (9Z)-octadecenoate + NH4(+)|2-(5Z,8Z,11Z,14Z-eicosatetraenoyl)-glycerol + H2O = glycerol + (5Z,8Z,11Z,14Z)-eicosatetraenoate + H(+)|N-(9Z-octadecenoyl) ethanolamine + H2O = ethanolamine + (9Z)-octadecenoate|N-hexadecanoylethanolamine + H2O = ethanolamine + hexadecanoate|hexadecanamide + H2O = hexadecanoate + NH4(+)|tetradecamide + H2O = tetradecanoate + NH4(+)|N-(9Z-octadecenoyl)-taurine + H2O = taurine + (9Z)-octadecenoate|(9Z,12Z,15Z)-octadecatrienamide + H2O = (9Z,12Z,15Z)-octadecatrienoate + NH4(+)|(5Z,8Z,11Z,14Z)-eicosatetraenamide + H2O = (5Z,8Z,11Z,14Z)-eicosatetraenoate + NH4(+)|(6Z)-octadecenamide + H2O = (6Z)-octadecenoate + NH4(+)|(15Z)-tetracosenamide + H2O = (15Z)-tetracosenoate + NH4(+)|(8Z,11Z,14Z)-eicosatrienamide + H2O = (8Z,11Z,14Z)-eicosatrienoate + NH4(+)|(11Z,14Z,17Z)-eicosatrienamide + H2O = (11Z,14Z,17Z)-eicosatrienoate + NH4(+)|(11Z,14Z)-eicosadienamide + H2O = (11Z,14Z)-eicosadienoate + NH4(+)|(9Z,12Z)-octadecadienamide + H2O = (9Z,12Z)-octadecadienoate + NH4(+)|1-O-methyl-(5Z,8Z,11Z,14Z)-eicosatetraenoate + H2O = methanol + (5Z,8Z,11Z,14Z)-eicosatetraenoate + H(+)|(11Z)-eicosenamide + H2O = (11Z)-eicosenoate + NH4(+)|N-(9Z-hexadecenoyl) ethanolamine + H2O = (9Z)-hexadecenoate + ethanolamine|N-octadecanoyl ethanolamine + H2O = octadecanoate + ethanolamine|N-docosanoyl-ethanolamine + H2O = docosanoate + ethanolamine|N-tetracosanoyl-taurine + H2O = tetracosanoate + taurine|N-(15Z-tetracosenoyl)-ethanolamine + H2O = (15Z)-tetracosenoate + ethanolamine|N-docosanoyl-taurine + H2O = docosanoate + taurine|N-(15Z-tetracosenoyl)-taurine + H2O = (15Z)-tetracosenoate + taurine|N-tricosanoyl-taurine + H2O = tricosanoate + taurine|(9Z)-octadecenoate + glycine = N-(9Z-octadecenoyl)glycine + H2O|N-(5Z,8Z,11Z,14Z)-eicosatetraenoyl-glycine + H2O = (5Z,8Z,11Z,14Z)-eicosatetraenoate + glycine|N-(5Z,8Z,11Z,14Z-eicosatetraenoyl)-L-serine + H2O = (5Z,8Z,11Z,14Z)-eicosatetraenoate + L-serine",3.5.1.99|3.5.1.99
A6NIM1,Acyl-coenzyme A:cholesterol acyltransferase|Brain carboxylesterase hBr1|CES1|CES2|Carboxylesterase 1|Cholesteryl ester hydrolase|Cocaine carboxylesterase|Egasyn|HMSE|Liver carboxylesterase 1|Methylumbelliferyl-acetate deacetylase 1|Monocyte/macrophage serine esterase|Retinyl ester hydrolase|SES1|Serine esterase 1|Triacylglycerol hydrolase,Homo,Eukaryota,Chordata,9606,Hydrolase|Serine esterase,Cytoplasm|Endoplasmic reticulum|Lipid droplet,3.1.1.1|3.1.1.13|3.1.1.56,Cytoplasm|Endoplasmic reticulum lumen|Lipid droplet,N/A,False,False,True,False,True,True,False,False,False,False,False,1|2|3,P23141-1|P23141-2|P23141-3,N/A|N/A|N/A,2592,,SSF53474,PS00122|PS00941,IPR029058|IPR002018|IPR019826|IPR019819|IPR050309,PF00135,,,"a carboxylic ester + H2O = an alcohol + a carboxylate + H(+)|4-methylumbelliferyl acetate + H2O = 4-methylumbelliferone + acetate + H(+)|a cholesterol ester + H2O = cholesterol + a fatty acid + H(+)|cholesteryl (9Z-octadecenoate) + H2O = cholesterol + (9Z)-octadecenoate + H(+)|2-(5Z,8Z,11Z,14Z-eicosatetraenoyl)-glycerol + H2O = glycerol + (5Z,8Z,11Z,14Z)-eicosatetraenoate + H(+)|prostaglandin E2 1-glyceryl ester + H2O = prostaglandin E2 + glycerol + H(+)|prostaglandin F2alpha 1-glyceryl ester + H2O = prostaglandin F2alpha + glycerol + H(+)",3.1.1.1|3.1.1.56|3.1.1.13
B5BTZ5,JNK-46|JNK1|MAPK8|Mitogen-activated protein kinase 8|PRKM8|SAPK1|SAPK1C|Stress-activated protein kinase 1c|Stress-activated protein kinase JNK1|c-Jun N-terminal kinase 1,Homo,Eukaryota,Chordata,9606,Kinase|Serine/threonine-protein kinase|Transferase,Cytoplasm|Nucleus|Synapse,2.7.11.24,Cytoplasm|Nucleus|Synapse,N/A,False,False,False,False,False,True,False,False,False,False,False,2|1|3|4|5,P45983-1|P45983-2|P45983-3|P45983-4|P45983-5,JNK1-alpha-2|JNK1-alpha-1|JNK1-beta-1|JNK1-beta-2|N/A,1496,,SSF56112,PS01351|PS50011|PS00108,IPR011009|IPR050117|IPR003527|IPR008351|IPR000719|IPR008271,PF00069,PR01772,,L-seryl-[protein] + ATP = O-phospho-L-seryl-[protein] + ADP + H(+)|L-threonyl-[protein] + ATP = O-phospho-L-threonyl-[protein] + ADP + H(+),2.7.11.24|2.7.11.24
B2KF37,CRK1|Crk1|Csbp1|Csbp2|Mapk14|Mitogen-activated protein kinase 14|Mitogen-activated protein kinase p38 alpha,Mus,Eukaryota,Chordata,10090,Kinase|Serine/threonine-protein kinase|Transferase,Cytoplasm|Nucleus,2.7.11.24,Cytoplasm|Nucleus,N/A,False,False,False,False,False,True,False,False,False,False,False,1|2|3|4,P47811-1|P47811-2|P47811-3|P47811-4,N/A|Piccolo|N/A|N/A,,,SSF56112,PS01351|PS00107|PS50011,IPR011009|IPR050117|IPR003527|IPR038784|IPR008352|IPR000719|IPR017441,PF00069,PR01773,,L-seryl-[protein] + ATP = O-phospho-L-seryl-[protein] + ADP + H(+)|L-threonyl-[protein] + ATP = O-phospho-L-threonyl-[protein] + ADP + H(+),2.7.11.24|2.7.11.24
A8K3G6,NR1C3|Nuclear receptor subfamily 1 group C member 3|PPARG|Peroxisome proliferator-activated receptor gamma,Homo,Eukaryota,Chordata,9606,Activator|DNA-binding|Receptor,Cytoplasm|Nucleus,,Cytoplasm|Nucleus,N/A,False,False,True,False,False,True,False,False,False,False,False,2|1|3,P37231-1|P37231-2|P37231-3,N/A|PPARgamma1(wt)|PPARgamma1(tr),595,,SSF57716|SSF48508,PS51843|PS00031|PS51030,IPR003074|IPR035500|IPR000536|IPR050234|IPR001723|IPR003077|IPR022590|IPR001628|IPR013088,PF00104|PF12577|PF00105,PR01288|PR01291|PR00398|PR00047,,,
B0G0X3,NR1C1|Nuclear receptor subfamily 1 group C member 1|PPAR|PPARA|Peroxisome proliferator-activated receptor alpha,Homo,Eukaryota,Chordata,9606,Activator|DNA-binding|Receptor,Nucleus,,Nucleus,N/A,False,False,False,False,False,False,False,False,False,False,False,1|2,Q07869-1|Q07869-2,N/A|N/A,593,,SSF57716|SSF48508,PS51843|PS00031|PS51030,IPR003074|IPR035500|IPR000536|IPR050234|IPR001723|IPR003076|IPR001628|IPR013088,PF00104|PF00105,PR01288|PR01289|PR00398|PR00047,9.B.208.1.6,,
Q3KPF6,CAMK1|CaM kinase I|CaM kinase I alpha|Calcium/calmodulin-dependent protein kinase type 1,Homo,Eukaryota,Chordata,9606,Allosteric enzyme|Calmodulin-binding|Developmental protein|Kinase|Serine/threonine-protein kinase|Transferase,Cytoplasm|Nucleus,2.7.11.17,Cytoplasm|Nucleus,N/A,False,False,False,False,False,True,False,False,False,False,False,None,None,None,,,SSF56112,PS00107|PS50011|PS00108,IPR011009|IPR000719|IPR017441|IPR008271,PF00069,,,L-seryl-[protein] + ATP = O-phospho-L-seryl-[protein] + ADP + H(+)|L-threonyl-[protein] + ATP = O-phospho-L-threonyl-[protein] + ADP + H(+),2.7.11.17|2.7.11.17
B5BU42,CK1G2|CSNK1G2|Casein kinase I isoform gamma-2,Homo,Eukaryota,Chordata,9606,Kinase|Serine/threonine-protein kinase|Transferase,Cytoplasm,2.7.11.1,"Cytoplasm|Cytoplasm, cell cortex",N/A,False,False,False,False,False,False,False,False,False,False,False,None,None,None,2000,,SSF56112,PS00107|PS50011|PS00108,IPR022247|IPR050235|IPR011009|IPR000719|IPR017441|IPR008271,PF12605|PF00069,,,L-seryl-[protein] + ATP = O-phospho-L-seryl-[protein] + ADP + H(+)|L-threonyl-[protein] + ATP = O-phospho-L-threonyl-[protein] + ADP + H(+),2.7.11.1|2.7.11.1
A8K0C7,"PHKG2|PSK-C3|Phosphorylase b kinase gamma catalytic chain, liver/testis isoform|Phosphorylase kinase subunit gamma-2",Homo,Eukaryota,Chordata,9606,Calmodulin-binding|Kinase|Serine/threonine-protein kinase|Transferase,,2.7.11.19,N/A,N/A,False,False,False,False,False,True,False,False,False,False,False,1|2,P15735-1|P15735-2,N/A|N/A,2147,,SSF56112,PS00107|PS50011|PS00108,IPR011009|IPR002291|IPR000719|IPR017441|IPR008271,PF00069,PR01049,,2 ATP + phosphorylase b = 2 ADP + phosphorylase a.,2.7.11.19
P29275,ADORA2B|Adenosine receptor A2b,Homo,Eukaryota,Chordata,9606,G-protein coupled receptor|Receptor|Transducer,Cell membrane|Membrane,,Cell membrane,Multi-pass membrane protein,True,False,True,True,True,False,False,False,False,False,False,None,None,None,20,,SSF81321,PS00237|PS50262,IPR001435|IPR001634|IPR000276|IPR017452,PF00001,PR00554|PR00424|PR00237,,,
D3DN89,GSK3B|Glycogen synthase kinase-3 beta|Serine/threonine-protein kinase GSK3B,Homo,Eukaryota,Chordata,9606,Developmental protein|Kinase|Serine/threonine-protein kinase|Signal transduction inhibitor|Transferase,Cell membrane|Cytoplasm|Membrane|Nucleus,2.7.11.1|2.7.11.26,Cell membrane|Cytoplasm|Nucleus,N/A,False,False,False,True,False,True,False,False,False,False,False,1|2,P49841-1|P49841-2,GSK-3beta1|GSK-3beta2:neuron-specific,2030,,SSF56112,PS00107|PS50011|PS00108,IPR050591|IPR011009|IPR000719|IPR017441|IPR008271|IPR039192,PF00069,,,L-seryl-[tau protein] + ATP = O-phospho-L-seryl-[tau protein] + ADP + H(+)|L-threonyl-[tau protein] + ATP = O-phospho-L-threonyl-[tau protein] + ADP + H(+)|L-seryl-[protein] + ATP = O-phospho-L-seryl-[protein] + ADP + H(+)|L-threonyl-[protein] + ATP = O-phospho-L-threonyl-[protein] + ADP + H(+),2.7.11.26|2.7.11.26|2.7.11.1|2.7.11.1
D6W587,EPK2|PRKCN|PRKD3|Protein kinase C nu type|Protein kinase EPK2|Serine/threonine-protein kinase D3|nPKC-nu,Homo,Eukaryota,Chordata,9606,Kinase|Serine/threonine-protein kinase|Transferase,Cytoplasm|Membrane,2.7.11.13,Cytoplasm|Membrane,N/A,False,False,False,False,False,True,False,False,False,False,False,1|2,O94806-1|O94806-2,N/A|N/A,2174,,SSF57889|SSF50729|SSF56112,PS50003|PS00107|PS50011|PS00108|PS00479|PS50081,IPR046349|IPR020454|IPR011009|IPR002219|IPR011993|IPR001849|IPR000719|IPR017441|IPR015727|IPR008271,PF00130|PF00169|PF00069,PR00008,,L-seryl-[protein] + ATP = O-phospho-L-seryl-[protein] + ADP + H(+)|L-threonyl-[protein] + ATP = O-phospho-L-threonyl-[protein] + ADP + H(+),2.7.11.13|2.7.11.13
D3DNQ4,Atypical protein kinase C-lambda/iota|DXS1179E|PRKCI|Protein kinase C iota type|nPKC-iota,Homo,Eukaryota,Chordata,9606,Kinase|Serine/threonine-protein kinase|Transferase,Cytoplasm|Endosome|Membrane|Nucleus,2.7.11.13,Cytoplasm|Endosome|Membrane|Nucleus,N/A,False,False,False,False,False,True,False,False,False,False,False,None,None,None,1490,,SSF54277|SSF57889|SSF56112,PS51285|PS51745|PS00107|PS50011|PS00108|PS00479|PS50081,IPR000961|IPR034661|IPR046349|IPR020454|IPR011009|IPR053793|IPR034877|IPR000270|IPR002219|IPR012233|IPR017892|IPR000719|IPR017441|IPR008271,PF00130|PF00564|PF00069|PF00433,PR00008,,L-seryl-[protein] + ATP = O-phospho-L-seryl-[protein] + ADP + H(+)|L-threonyl-[protein] + ATP = O-phospho-L-threonyl-[protein] + ADP + H(+),2.7.11.13|2.7.11.13
P31424,Gprc1e|Grm5|Metabotropic glutamate receptor 5|Mglur5,Rattus,Eukaryota,Chordata,10116,G-protein coupled receptor|Receptor|Transducer,Cell membrane|Membrane,,Cell membrane,Multi-pass membrane protein,True,False,True,False,True,True,False,False,False,False,False,2|1,P31424-1|P31424-2,5b|5a,293,,SSF53822,PS00979|PS00980|PS00981|PS50259,IPR001828|IPR000337|IPR011500|IPR038550|IPR017978|IPR017979|IPR000202|IPR000162|IPR019588|IPR050726|IPR028082,PF00003|PF01094|PF10606|PF07562,PR00248|PR01055|PR00593,,,
Q6FHS6,CTSK|CTSO|CTSO2|Cathepsin K|Cathepsin O|Cathepsin O2|Cathepsin X,Homo,Eukaryota,Chordata,9606,Hydrolase|Protease|Thiol protease,Cell membrane|Lysosome|Membrane|Secreted,3.4.22.38,Apical cell membrane|Lysosome|Secreted,Peripheral membrane protein,False,False,True,False,True,False,False,False,False,False,True,None,None,None,2350,,SSF54001,PS00640|PS00139|PS00639,IPR038765|IPR025661|IPR000169|IPR025660|IPR013128|IPR000668|IPR039417|IPR013201,PF08246|PF00112,PR00705,,"Broad proteolytic activity. With small-molecule substrates and inhibitors, the major determinant of specificity is P2, which is preferably Leu, Met > Phe, and not Arg.",3.4.22.38
B2R646,"Cyclic GMP-stimulated phosphodiesterase|PDE2A|cGMP-dependent 3',5'-cyclic phosphodiesterase",Homo,Eukaryota,Chordata,9606,Hydrolase,Cell membrane|Cytoplasm|Membrane|Mitochondrion|Mitochondrion inner membrane|Mitochondrion outer membrane,3.1.4.17,Cell membrane|Cytoplasm|Mitochondrion|Mitochondrion inner membrane|Mitochondrion matrix|Mitochondrion outer membrane,Lipid-anchor,False,False,False,True,False,False,False,False,False,False,False,PDE2A3|PDE2A1|PDE2A2|PDE2A4|5|6,O00408-1|O00408-2|O00408-3|O00408-4|O00408-5|O00408-6,N/A|N/A|N/A|N/A|N/A|N/A,1297,,SSF55781|SSF109604,PS00126|PS51845,IPR003018|IPR029016|IPR003607|IPR023088|IPR002073|IPR036971|IPR023174,PF01590|PF00233,PR00387,,"a nucleoside 3',5'-cyclic phosphate + H2O = a nucleoside 5'-phosphate + H(+)|3',5'-cyclic GMP + H2O = GMP + H(+)|3',5'-cyclic AMP + H2O = AMP + H(+)",3.1.4.17
A5YW33,"3',5'-cyclic-AMP phosphodiesterase 4B|DPDE4|PDE32|PDE4B|cAMP-specific phosphodiesterase 4B",Homo,Eukaryota,Chordata,9606,Hydrolase,Cell membrane|Cytoplasm|Membrane,3.1.4.53,Cell membrane|Cytoplasm,N/A,False,False,False,False,False,True,False,False,False,False,False,PDE4B1|PDE4B2|PDE4B3|PDE4B5,Q07343-1|Q07343-2|Q07343-3|Q07343-4,N/A|N/A|N/A|N/A,1301,,SSF109604,PS00126|PS51845,IPR003607|IPR040844|IPR023088|IPR002073|IPR036971|IPR023174,PF18100|PF00233,PR00387,,"3',5'-cyclic AMP + H2O = AMP + H(+)",3.1.4.53
A2RRS0,FLK1|Fetal liver kinase 1|KDR|Kinase insert domain receptor|Protein-tyrosine kinase receptor flk-1|VEGFR2|Vascular endothelial growth factor receptor 2,Homo,Eukaryota,Chordata,9606,Developmental protein|Kinase|Receptor|Transferase|Tyrosine-protein kinase,Cell junction|Cell membrane|Cytoplasm|Cytoplasmic vesicle|Endoplasmic reticulum|Endosome|Membrane|Nucleus|Secreted,2.7.10.1,Cell junction|Cell membrane|Cytoplasm|Cytoplasmic vesicle|Early endosome|Endoplasmic reticulum|Nucleus|Secreted,Single-pass type I membrane protein,True,False,True,False,True,True,False,False,False,False,False,1|2|3,P35968-1|P35968-2|P35968-3,mbVegfr-2|sVegfr-2|VEGFR2-712,1813,,SSF48726|SSF56112,PS50835|PS00107|PS50011|PS00109|PS00240,IPR007110|IPR036179|IPR013783|IPR013098|IPR003599|IPR003598|IPR013151|IPR011009|IPR000719|IPR017441|IPR050122|IPR001245|IPR008266|IPR020635|IPR001824|IPR041348|IPR055229|IPR055238|IPR009136,PF07679|PF00047|PF13895|PF22971|PF07714|PF21339|PF17988|PF22854,PR01832|PR01834,,L-tyrosyl-[protein] + ATP = O-phospho-L-tyrosyl-[protein] + ADP + H(+),2.7.10.1
B7ZKS8,PTPB|PTPRB|Receptor-type tyrosine-protein phosphatase beta|Vascular endothelial protein tyrosine phosphatase,Homo,Eukaryota,Chordata,9606,Hydrolase|Protein phosphatase,Membrane,3.1.3.48,Membrane,Single-pass type I membrane protein,True,False,True,False,False,True,False,False,False,False,False,1|2|3|4,P23467-1|P23467-2|P23467-3|P23467-4,N/A|N/A|N/A|N/A,1851,,SSF52799|SSF49265,PS50853|PS00383|PS50056|PS50055,IPR003961|IPR036116|IPR013783|IPR029021|IPR000242|IPR041201|IPR050713|IPR016130|IPR003595|IPR000387,PF00041|PF18861|PF00102,PR00700,,O-phospho-L-tyrosyl-[protein] + H2O = L-tyrosyl-[protein] + phosphate,3.1.3.48
