target_chembl_id,isoform_ids,isoform_names,isoforms,organism,pH_dependence,primaryAccession,target_names,uniprot_id,uniprotkb_Id,recommended_name,synonyms,type,secondary_uniprot_id,secondary_accession_names,gene_name,genus,superkingdom,phylum,taxon_id,ec_number,hgnc_name,hgnc_id,molecular_function,cellular_component,subcellular_location,topology,transmembrane,intramembrane,glycosylation,lipidation,disulfide_bond,modified_residue,phosphorylation,acetylation,ubiquitination,signal_peptide,propeptide,isoform_synonyms,reactions,reaction_ec_numbers,GuidetoPHARMACOLOGY,family,SUPFAM,PROSITE,InterPro,Pfam,PRINTS,TCDB
CHEMBL2343,,,5,Homo sapiens,,O00141,SGK | SGK1 | Serine/threonine-protein kinase Sgk1 | Serum/glucocorticoid-regulated kinase 1,O00141,O00141,Serine/threonine-protein kinase Sgk1,Serum/glucocorticoid-regulated kinase 1,UniProtKB reviewed (Swiss-Prot),B7UUP7|B7UUP8|B7UUP9|B7Z5B2|E1P583|Q5TCN2|Q5TCN3|Q5TCN4|Q5VY65|Q9UN56,Serine/threonine-protein kinase Sgk1|Serum/glucocorticoid-regulated kinase 1,SGK1,Homo,Eukaryota,Chordata,9606,2.7.11.1,,HGNC:10810,ATP binding (GO:0005524)|calcium channel regulator activity (GO:0005246)|chloride channel regulator activity (GO:0017081)|potassium channel regulator activity (GO:0015459)|protein serine kinase activity (GO:0106310)|protein serine/threonine kinase activity (GO:0004674)|protein serine/threonine/tyrosine kinase activity (GO:0004712)|sodium channel regulator activity (GO:0017080),cytoplasm (GO:0005737)|cytosol (GO:0005829)|endoplasmic reticulum membrane (GO:0005789)|mitochondrion (GO:0005739)|nuclear speck (GO:0016607)|nucleoplasm (GO:0005654)|nucleus (GO:0005634)|plasma membrane (GO:0005886),,,,,,,Interchain (with C-258)[193]|Interchain (with C-193)[258],,Phosphoserine[74]|Phosphoserine; by MAPK7[78]|Phosphothreonine; by PDPK1[256]|Phosphothreonine; by PKA[369]|Phosphoserine[397]|Phosphoserine[401]|Phosphoserine[422],,,,,,,,1534,,SSF56112,PS51285|PS00107|PS50011|PS00108,IPR000961|IPR011009|IPR017892|IPR000719|IPR017441|IPR008271,PF00069|PF00433,,
CHEMBL4580,,,6,Homo sapiens,,O00142,Mt-TK | Thymidine kinase 2 | Deoxycytidine kinase TK2 | mitochondrial | TK2 | 2'-deoxyuridine kinase TK2,O00142,O00142,"Thymidine kinase 2, mitochondrial",2'-deoxyuridine kinase TK2|Deoxycytidine kinase TK2|Mt-TK,UniProtKB reviewed (Swiss-Prot),B4DGJ7|B4DZK7|B7ZAB1|E5KNQ5|E9PH08|O15238,"Thymidine kinase 2, mitochondrial|2'-deoxyuridine kinase TK2|Deoxycytidine kinase TK2|Mt-TK",TK2,Homo,Eukaryota,Chordata,9606,2.7.1.21|2.7.1.74|2.7.1.-,,HGNC:11831,ATP binding (GO:0005524)|deoxycytidine kinase activity (GO:0004137)|deoxynucleoside kinase activity (GO:0019136)|nucleoside kinase activity (GO:0019206)|thymidine kinase activity (GO:0004797),cytoplasm (GO:0005737)|mitochondrial matrix (GO:0005759)|mitochondrion (GO:0005739),,,,,,,,,,,,,,,,,,,SSF52540,,IPR002624|IPR050566|IPR031314|IPR027417,PF01712,,
CHEMBL5255,,,3,Homo sapiens,,O00206, | hToll | TLR4 | Toll-like receptor 4,O00206,O00206,Toll-like receptor 4,hToll,UniProtKB reviewed (Swiss-Prot),A8K1Y8|A9XLP9|A9XLQ0|A9XLQ1|B4E194|D1CS52|D1CS53|Q5VZI8|Q5VZI9|Q9UK78|Q9UM57,Toll-like receptor 4|hToll,TLR4,Homo,Eukaryota,Chordata,9606,,,HGNC:11850,"amyloid-beta binding (GO:0001540)|identical protein binding (GO:0042802)|lipopolysaccharide binding (GO:0001530)|lipopolysaccharide immune receptor activity (GO:0001875)|NAD+ nucleosidase activity, cyclic ADP-ribose generating (GO:0061809)|protein heterodimerization activity (GO:0046982)|signaling receptor activity (GO:0038023)|signaling receptor binding (GO:0005102)|transmembrane signaling receptor activity (GO:0004888)",cell surface (GO:0009986)|cytoplasm (GO:0005737)|early endosome (GO:0005769)|endosome membrane (GO:0010008)|external side of plasma membrane (GO:0009897)|lipopolysaccharide receptor complex (GO:0046696)|perinuclear region of cytoplasm (GO:0048471)|phagocytic cup (GO:0001891)|plasma membrane (GO:0005886)|receptor complex (GO:0043235)|ruffle (GO:0001726),,Extracellular[24-631]|Cytoplasmic[653-839],,,N-linked (GlcNAc...) asparagine[35]|N-linked (GlcNAc...) asparagine[173]|N-linked (GlcNAc...) asparagine[205]|N-linked (GlcNAc...) asparagine[282]|N-linked (GlcNAc...) asparagine[309]|N-linked (GlcNAc...) asparagine[497]|N-linked (GlcNAc...) asparagine[526]|N-linked (GlcNAc...) asparagine[575]|N-linked (GlcNAc...) asparagine[624]|N-linked (GlcNAc...) asparagine[630],,[29-40]|[281-306]|[390-391]|[583-609]|[585-627],,,,,,,,,,1754,,SSF52075|SSF52047|SSF52200,PS51450|PS50104,IPR000483|IPR001611|IPR025875|IPR003591|IPR032675|IPR000157|IPR017241|IPR035897,PF12799|PF13516|PF13855|PF01582,PR00019,8.A.43.1.9
CHEMBL5476,,,2,Homo sapiens,,O00238, | BMP type-1B receptor | BMPR1B | BMPR-1B | Bone morphogenetic protein receptor type-1B,O00238,O00238,Bone morphogenetic protein receptor type-1B,BMP type-1B receptor|BMPR-1B,UniProtKB reviewed (Swiss-Prot),B2R953|B4DSV1|P78366,Bone morphogenetic protein receptor type-1B,BMPR1B,Homo,Eukaryota,Chordata,9606,2.7.11.30,,HGNC:1077,"ATP binding (GO:0005524)|BMP binding (GO:0036122)|BMP receptor activity (GO:0098821)|metal ion binding (GO:0046872)|protein serine/threonine kinase activity (GO:0004674)|SMAD binding (GO:0046332)|transforming growth factor beta receptor activity, type I (GO:0005025)|transmembrane receptor protein serine/threonine kinase activity (GO:0004675)|transmembrane signaling receptor activity (GO:0004888)",dendrite (GO:0030425)|HFE-transferrin receptor complex (GO:1990712)|neuronal cell body (GO:0043025)|plasma membrane (GO:0005886)|receptor complex (GO:0043235),,Extracellular[14-126]|Cytoplasmic[149-502],,,,,[32-53]|[34-38]|[47-71]|[81-95]|[96-102],,,,,,,,,,1789,,SSF56112|SSF57302,PS51256|PS00107|PS50011|PS00108,IPR000472|IPR003605|IPR011009|IPR000719|IPR017441|IPR001245|IPR008271|IPR045860|IPR000333,PF01064|PF07714|PF08515,PR00653,
CHEMBL1615381,,,3,Homo sapiens,,O00255,MEN1 | SCG2 | Menin,O00255,O00255,Menin,,UniProtKB reviewed (Swiss-Prot),A5HBC6|A5HBC7|A5HBC8|A5HBC9|A5HBD0|A5HBD1|A5HBD2|O00632|Q9BUF0|Q9BUK2,Menin,MEN1,Homo,Eukaryota,Chordata,9606,,,HGNC:7010,chromatin binding (GO:0003682)|double-stranded DNA binding (GO:0003690)|four-way junction DNA binding (GO:0000400)|phosphoprotein binding (GO:0051219)|protein-macromolecule adaptor activity (GO:0030674)|R-SMAD binding (GO:0070412)|transcription cis-regulatory region binding (GO:0000976)|Y-form DNA binding (GO:0000403),"chromatin (GO:0000785)|chromosome, telomeric region (GO:0000781)|cleavage furrow (GO:0032154)|cytoplasm (GO:0005737)|cytosol (GO:0005829)|endoplasmic reticulum lumen (GO:0005788)|histone methyltransferase complex (GO:0035097)|MLL1 complex (GO:0071339)|MLL1/2 complex (GO:0044665)|nuclear matrix (GO:0016363)|nucleoplasm (GO:0005654)|nucleus (GO:0005634)|protein-containing complex (GO:0032991)|transcription repressor complex (GO:0017053)",,,,,,,,,Phosphoserine[487]|Phosphoserine[543]|Phosphothreonine[594],,,,,,,,,,,,IPR007747,PF05053,,
CHEMBL5443,,,1,Homo sapiens,,O00311,huCdc7 | CDC7 | CDC7L1 | CDC7-related kinase | HsCdc7 | Cell division cycle 7-related protein kinase,O00311,O00311,Cell division cycle 7-related protein kinase,CDC7-related kinase|HsCdc7|huCdc7,UniProtKB reviewed (Swiss-Prot),D3DT31|O00558|Q5T5U5,Cell division cycle 7-related protein kinase,CDC7,Homo,Eukaryota,Chordata,9606,2.7.11.1,,HGNC:1745,ATP binding (GO:0005524)|kinase activity (GO:0016301)|metal ion binding (GO:0046872)|protein kinase activity (GO:0004672)|protein serine kinase activity (GO:0106310)|protein serine/threonine kinase activity (GO:0004674),cytoplasm (GO:0005737)|intercellular bridge (GO:0045171)|mitotic spindle (GO:0072686)|nucleoplasm (GO:0005654)|nucleus (GO:0005634),,,,,,,,,Phosphoserine[27]|Phosphothreonine[503],,,,,,,,1960,,SSF56112,PS00107|PS50011|PS00108,IPR011009|IPR000719|IPR017441|IPR008271,PF00069,,
CHEMBL3130,,,2,Homo sapiens,,O00329,"PI3Kdelta | PtdIns-3-kinase subunit p110-delta | Phosphatidylinositol 4,5-bisphosphate 3-kinase 110 kDa catalytic subunit delta | p110delta | PI3K-delta | PIK3CD | PtdIns-3-kinase subunit delta | PI3-kinase subunit delta | Phosphatidylinositol 4,5-bisphosphate 3-kinase catalytic subunit delta isoform",O00329,O00329,"Phosphatidylinositol 4,5-bisphosphate 3-kinase catalytic subunit delta isoform","PI3-kinase subunit delta|PI3K-delta|PI3Kdelta|PtdIns-3-kinase subunit delta|Phosphatidylinositol 4,5-bisphosphate 3-kinase 110 kDa catalytic subunit delta|PtdIns-3-kinase subunit p110-delta|p110delta",UniProtKB reviewed (Swiss-Prot),A6NCG0|G1FFP1|O15445|Q5SR49,"Phosphatidylinositol 4,5-bisphosphate 3-kinase catalytic subunit delta isoform|Phosphatidylinositol 4,5-bisphosphate 3-kinase 110 kDa catalytic subunit delta",PIK3CD,Homo,Eukaryota,Chordata,9606,2.7.1.137|2.7.1.153,,HGNC:8977,"1-phosphatidylinositol-3-kinase activity (GO:0016303)|1-phosphatidylinositol-4,5-bisphosphate 3-kinase activity (GO:0046934)|1-phosphatidylinositol-4-phosphate 3-kinase activity (GO:0035005)|ATP binding (GO:0005524)","cytoplasm (GO:0005737)|cytosol (GO:0005829)|phosphatidylinositol 3-kinase complex (GO:0005942)|phosphatidylinositol 3-kinase complex, class IA (GO:0005943)|plasma membrane (GO:0005886)",,,,,,,,,Phosphotyrosine[524]|Phosphoserine; by autocatalysis[1039],,,,,,,,2155,,SSF48371|SSF49562|SSF56112|SSF54236,PS51547|PS00915|PS00916|PS50290|PS51544|PS51546|PS51545,IPR016024|IPR035892|IPR011009|IPR000403|IPR036940|IPR018936|IPR002420|IPR003113|IPR001263|IPR042236|IPR000341|IPR037703|IPR015433|IPR029071,PF00454|PF00792|PF02192|PF00794|PF00613,,
CHEMBL2652,,,6,Homo sapiens,,O00408,"PDE2A | CGS-PDE | cGSPDE | cGMP-dependent 3',5'-cyclic phosphodiesterase | Cyclic GMP-stimulated phosphodiesterase",O00408,O00408,"cGMP-dependent 3',5'-cyclic phosphodiesterase",Cyclic GMP-stimulated phosphodiesterase|CGS-PDE|cGSPDE,UniProtKB reviewed (Swiss-Prot),B2R646|B3KRV5|E9PGI1|F6W5Z0|Q5J791|Q5J792|Q5J793|Q6ZMR1,"cGMP-dependent 3',5'-cyclic phosphodiesterase|Cyclic GMP-stimulated phosphodiesterase",PDE2A,Homo,Eukaryota,Chordata,9606,3.1.4.17,,HGNC:8777,"3',5'-cGMP-stimulated cyclic-nucleotide phosphodiesterase activity (GO:0004118)|3',5'-cyclic-AMP phosphodiesterase activity (GO:0004115)|3',5'-cyclic-GMP phosphodiesterase activity (GO:0047555)|cAMP binding (GO:0030552)|cGMP binding (GO:0030553)|identical protein binding (GO:0042802)|magnesium ion binding (GO:0000287)|phosphate ion binding (GO:0042301)|protein homodimerization activity (GO:0042803)|TPR domain binding (GO:0030911)|zinc ion binding (GO:0008270)",cytoplasm (GO:0005737)|cytosol (GO:0005829)|endoplasmic reticulum (GO:0005783)|Golgi apparatus (GO:0005794)|mitochondrial inner membrane (GO:0005743)|mitochondrial matrix (GO:0005759)|mitochondrial outer membrane (GO:0005741)|nucleus (GO:0005634)|perinuclear region of cytoplasm (GO:0048471)|plasma membrane (GO:0005886)|presynaptic membrane (GO:0042734)|synaptic membrane (GO:0097060),,,,,,N-myristoyl glycine[2]|S-palmitoyl cysteine[5]|S-palmitoyl cysteine[11],,,,,,,,,,,1297,,SSF55781|SSF109604,PS00126|PS51845,IPR003018|IPR029016|IPR003607|IPR023088|IPR002073|IPR036971|IPR023174,PF01590|PF00233,PR00387,
CHEMBL1075102,,,2,Homo sapiens,,O00443,PI3K-C2-alpha | PIK3C2A | Phosphoinositide 3-kinase-C2-alpha | PtdIns-3-kinase C2 subunit alpha | Phosphatidylinositol 4-phosphate 3-kinase C2 domain-containing subunit alpha,O00443,O00443,Phosphatidylinositol 4-phosphate 3-kinase C2 domain-containing subunit alpha,PI3K-C2-alpha|PtdIns-3-kinase C2 subunit alpha|Phosphoinositide 3-kinase-C2-alpha,UniProtKB reviewed (Swiss-Prot),B0LPH2|B4E2G4|Q14CQ9,Phosphatidylinositol 4-phosphate 3-kinase C2 domain-containing subunit alpha|Phosphoinositide 3-kinase-C2-alpha,PIK3C2A,Homo,Eukaryota,Chordata,9606,2.7.1.137|2.7.1.153|2.7.1.154,,HGNC:8971,"1-phosphatidylinositol-3-kinase activity (GO:0016303)|1-phosphatidylinositol-4,5-bisphosphate 3-kinase activity (GO:0046934)|1-phosphatidylinositol-4-phosphate 3-kinase activity (GO:0035005)|ATP binding (GO:0005524)|clathrin binding (GO:0030276)|phosphatidylinositol binding (GO:0035091)",clathrin-coated vesicle (GO:0030136)|cytoplasm (GO:0005737)|cytosol (GO:0005829)|extracellular exosome (GO:0070062)|intracellular membrane-bounded organelle (GO:0043231)|membrane (GO:0016020)|nucleoplasm (GO:0005654)|plasma membrane (GO:0005886)|trans-Golgi network (GO:0005802)|vesicle (GO:0031982),,,,,,,,,Phosphoserine[60]|Phosphoserine[108]|Phosphoserine[259]|Phosphoserine[327]|Phosphoserine[338]|Phosphoserine[630]|Phosphoserine[1281]|Phosphoserine[1553],N-acetylalanine[2],,,,,,,2150,,SSF48371|SSF49562|SSF56112|SSF64268|SSF54236,PS50004|PS51547|PS00915|PS00916|PS50290|PS51546|PS51545|PS50195,IPR016024|IPR000008|IPR035892|IPR011009|IPR000403|IPR036940|IPR018936|IPR037705|IPR002420|IPR001263|IPR042236|IPR000341|IPR015433|IPR001683|IPR036871|IPR042133|IPR029071,PF00168|PF00454|PF00792|PF00794|PF00613|PF00787,,
CHEMBL3788,,,3,Homo sapiens,,O00444,PLK4 | Serine/threonine-protein kinase Sak | PLK-4 | Serine/threonine-protein kinase 18 | STK18 | SAK | Serine/threonine-protein kinase PLK4 | Polo-like kinase 4,O00444,O00444,Serine/threonine-protein kinase PLK4,Polo-like kinase 4|PLK-4|Serine/threonine-protein kinase 18|Serine/threonine-protein kinase Sak,UniProtKB reviewed (Swiss-Prot),B2RAL0|B7Z837|B7Z8G7|Q8IYF0|Q96Q95|Q9UD84|Q9UDE2,Serine/threonine-protein kinase PLK4|Polo-like kinase 4|Serine/threonine-protein kinase 18|Serine/threonine-protein kinase Sak,PLK4,Homo,Eukaryota,Chordata,9606,2.7.11.21,,HGNC:11397,ATP binding (GO:0005524)|identical protein binding (GO:0042802)|protein serine kinase activity (GO:0106310)|protein serine/threonine kinase activity (GO:0004674),centriole (GO:0005814)|centrosome (GO:0005813)|cleavage furrow (GO:0032154)|cytosol (GO:0005829)|deuterosome (GO:0098536)|nucleolus (GO:0005730)|nucleus (GO:0005634)|procentriole (GO:0120098)|procentriole replication complex (GO:0120099)|XY body (GO:0001741),,,,,,,,,Phosphoserine[401]|Phosphoserine[665]|Phosphoserine[817],N6-acetyllysine[45]|N6-acetyllysine[46],,,,,,,2171,,SSF82615|SSF56112,PS51984|PS51985|PS50078|PS00107|PS50011,IPR011009|IPR047108|IPR000959|IPR033699|IPR033698|IPR033696|IPR000719|IPR017441|IPR046437|IPR008266,PF00069|PF18190|PF18409,,
CHEMBL4105758,,,4,Homo sapiens,,O00481, | BTF5 | BTN3A1 | Butyrophilin subfamily 3 member A1,O00481,O00481,Butyrophilin subfamily 3 member A1,,UniProtKB reviewed (Swiss-Prot),A2A278|A8K2C8|B4DIQ1|B4DRM2|E9PGB4|E9PHG8|Q0P515|Q147X5|Q53F15|Q99420|Q9HCY1,Butyrophilin subfamily 3 member A1,BTN3A1,Homo,Eukaryota,Chordata,9606,,,HGNC:1138,signaling receptor binding (GO:0005102),external side of plasma membrane (GO:0009897)|plasma membrane (GO:0005886),,Extracellular[30-254]|Cytoplasmic[272-513],,,N-linked (GlcNAc...) asparagine[115],,[52-126]|[166-220],,,,,,,,,,,,SSF49899|SSF48726,PS50188|PS50835,IPR001870|IPR043136|IPR053896|IPR003879|IPR013320|IPR007110|IPR036179|IPR013783|IPR003599|IPR013106|IPR050504|IPR006574|IPR003877|IPR037954,PF22705|PF13765|PF00622|PF07686,PR01407,
CHEMBL5552,,,3,Homo sapiens,,O00506,Serine/threonine-protein kinase 25 | STK25 | Ste20-like kinase | SOK-1 | YSK1 | Ste20/oxidant stress response kinase 1 | Sterile 20/oxidant stress-response kinase 1 | SOK1,O00506,O00506,Serine/threonine-protein kinase 25,Ste20-like kinase|Sterile 20/oxidant stress-response kinase 1|SOK-1|Ste20/oxidant stress response kinase 1,UniProtKB reviewed (Swiss-Prot),A8K6Z3|A8K7D2|B7Z9K1|Q15522|Q5BJF1,Serine/threonine-protein kinase 25|Ste20-like kinase|Sterile 20/oxidant stress-response kinase 1,STK25,Homo,Eukaryota,Chordata,9606,2.7.11.1,,HGNC:11404,ATP binding (GO:0005524)|metal ion binding (GO:0046872)|protein homodimerization activity (GO:0042803)|protein kinase activity (GO:0004672)|protein serine kinase activity (GO:0106310)|protein serine/threonine kinase activity (GO:0004674),cytoplasm (GO:0005737)|extracellular exosome (GO:0070062)|FAR/SIN/STRIPAK complex (GO:0090443)|Golgi apparatus (GO:0005794),,,,,,,,,Phosphothreonine; by autocatalysis[174]|Phosphoserine[278],,,,,,,,,,SSF56112,PS00107|PS50011,IPR011009|IPR046409|IPR048288|IPR000719|IPR017441|IPR050629|IPR035060,PF20929|PF00069,,
CHEMBL5553,,,2,Homo sapiens,,O00571,DDX3X | X isoform | DDX3 | HLP2 | CAP-Rf | ATP-dependent RNA helicase DDX3X | DEAD box protein 3 | DEAD box | X-chromosomal | Helicase-like protein 2 | DBX,O00571,O00571,ATP-dependent RNA helicase DDX3X,"CAP-Rf|DEAD box protein 3, X-chromosomal|DEAD box, X isoform|DBX|Helicase-like protein 2|HLP2",UniProtKB reviewed (Swiss-Prot),A8K538|B4E3E8|O15536,"ATP-dependent RNA helicase DDX3X|CAP-Rf|DEAD box protein 3, X-chromosomal|DEAD box, X isoform|Helicase-like protein 2",DDX3X,Homo,Eukaryota,Chordata,9606,3.6.4.13,,HGNC:2745,ATP binding (GO:0005524)|ATP hydrolysis activity (GO:0016887)|cadherin binding (GO:0045296)|CTPase activity (GO:0043273)|DNA binding (GO:0003677)|DNA helicase activity (GO:0003678)|eukaryotic initiation factor 4E binding (GO:0008190)|gamma-tubulin binding (GO:0043015)|GTPase activity (GO:0003924)|mRNA 5'-UTR binding (GO:0048027)|mRNA binding (GO:0003729)|poly(A) binding (GO:0008143)|protein serine/threonine kinase activator activity (GO:0043539)|ribonucleoside triphosphate phosphatase activity (GO:0017111)|ribosomal small subunit binding (GO:0043024)|RNA binding (GO:0003723)|RNA helicase activity (GO:0003724)|RNA stem-loop binding (GO:0035613)|RNA strand annealing activity (GO:0033592)|signaling adaptor activity (GO:0035591)|transcription factor binding (GO:0008134)|translation initiation factor binding (GO:0031369),cell leading edge (GO:0031252)|centrosome (GO:0005813)|cytoplasm (GO:0005737)|cytoplasmic stress granule (GO:0010494)|cytosol (GO:0005829)|extracellular exosome (GO:0070062)|extracellular region (GO:0005576)|ficolin-1-rich granule lumen (GO:1904813)|lamellipodium (GO:0030027)|mitochondrion (GO:0005739)|NLRP3 inflammasome complex (GO:0072559)|nucleus (GO:0005634)|P granule (GO:0043186)|plasma membrane (GO:0005886)|secretory granule lumen (GO:0034774),,,,,,,,Omega-N-methylarginine[101]|Omega-N-methylarginine[110]|Omega-N-methylarginine[592]|Omega-N-methylarginine[617]|Omega-N-methylarginine[632],Phosphoserine[82]|Phosphoserine[86]|Phosphoserine[90]|Phosphoserine; by IKKE[102]|Phosphotyrosine[104]|Phosphoserine[131]|Phosphoserine; by TBK1; in vitro[181]|Phosphoserine; by TBK1[183]|Phosphoserine; by TBK1; in vitro[240]|Phosphoserine; by TBK1; in vitro[269]|Phosphoserine; by CSNK1E and TBK1; in vitro[429]|Phosphothreonine; by TBK1; in vitro[438]|Phosphoserine; by TBK1; in vitro[442]|Phosphoserine; by TBK1; in vitro[456]|Phosphothreonine; by CSNK1E; in vitro[469]|Phosphoserine; by CSNK1E; in vitro[470]|Phosphoserine; by TBK1; in vitro[520]|Phosphothreonine; by TBK1; in vitro[542]|Phosphoserine; by CSNK1E and TBK1; in vitro[543]|Phosphoserine[594]|Phosphoserine[605]|Phosphoserine[612],N-acetylserine[2]|N6-acetyllysine[55]|N6-acetyllysine[118],,,,,,,,,SSF52540,PS00039|PS51192|PS51194|PS51195,IPR011545|IPR014001|IPR001650|IPR027417|IPR000629|IPR014014,PF00270|PF00271,,1.I.1.1.3
CHEMBL3180,,,4,Homo sapiens,,O00748,ICE | Methylumbelliferyl-acetate deacetylase 2 | CE-2 | Cocaine esterase | Carboxylesterase 2 | CES2 | hCE-2,O00748,O00748,Cocaine esterase,Carboxylesterase 2|CE-2|hCE-2|Methylumbelliferyl-acetate deacetylase 2,UniProtKB reviewed (Swiss-Prot),A0A024R6X1|A8K367|Q16859|Q5MAB8|Q7Z366|Q8IUP4|Q8TCP8,Cocaine esterase|Carboxylesterase 2|Methylumbelliferyl-acetate deacetylase 2,CES2,Homo,Eukaryota,Chordata,9606,3.1.1.84|3.1.1.1|3.1.1.56,,HGNC:1864,carboxylesterase activity (GO:0106435)|carboxylic ester hydrolase activity (GO:0052689)|methylumbelliferyl-acetate deacetylase activity (GO:0047374),endoplasmic reticulum (GO:0005783)|endoplasmic reticulum lumen (GO:0005788)|intracellular membrane-bounded organelle (GO:0043231),,,,,N-linked (GlcNAc...) asparagine[111]|N-linked (GlcNAc...) asparagine[276],,[95-123]|[280-291],Pyrrolidone carboxylic acid[27],,,,,,,,,3298,,SSF53474,PS00122|PS00941,IPR029058|IPR002018|IPR019826|IPR019819|IPR050309,PF00135,,
CHEMBL4829,,,3,Homo sapiens,Optimum pH is 7.5.,O00763,Acetyl-CoA carboxylase 2 | ACACB | ACC2 | ACCB | ACC-beta,O00763,O00763,Acetyl-CoA carboxylase 2,ACC-beta,UniProtKB reviewed (Swiss-Prot),A6NK36|Q16852|Q1HEC1|Q6KE87|Q6KE89|Q6TY48,Acetyl-CoA carboxylase 2|ACC-beta,ACACB,Homo,Eukaryota,Chordata,9606,6.4.1.2,,HGNC:85,acetyl-CoA carboxylase activity (GO:0003989)|ATP binding (GO:0005524)|biotin binding (GO:0009374)|identical protein binding (GO:0042802)|metal ion binding (GO:0046872),cytosol (GO:0005829)|mitochondrial fatty acid beta-oxidation multienzyme complex (GO:0016507)|mitochondrial outer membrane (GO:0005741)|mitochondrion (GO:0005739)|nucleus (GO:0005634),,,,,,,,N6-biotinyllysine[929],Phosphoserine[35]|Phosphothreonine[70]|Phosphoserine[91]|Phosphoserine[95]|Phosphoserine[169]|Phosphoserine[175]|Phosphoserine[192]|Phosphoserine[195]|Phosphoserine[200]|Phosphothreonine[207]|Phosphoserine[220]|Phosphoserine; by AMPK[222]|Phosphoserine[469]|Phosphothreonine[753]|Phosphoserine[1340]|Phosphothreonine[1342]|Phosphoserine[1360]|Phosphoserine[1405],,,,,,,,1264,,SSF52096|SSF56059|SSF52440|SSF51246|SSF51230,PS50975|PS50979|PS50968|PS50989|PS50980|PS00866|PS00867,IPR049076|IPR049074|IPR034733|IPR013537|IPR011761|IPR013815|IPR005481|IPR011764|IPR005482|IPR000089|IPR005479|IPR029045|IPR011763|IPR011762|IPR016185|IPR011054|IPR011053,PF08326|PF21385|PF02785|PF00289|PF00364|PF01039|PF02786,,
CHEMBL4676,,,5,Mus musculus,,O08532,Voltage-gated calcium channel subunit alpha-2/delta-1 | Cacna2d1 | Voltage-dependent calcium channel subunit alpha-2/delta-1 | Cacna2,O08532,O08532,Voltage-dependent calcium channel subunit alpha-2/delta-1,Voltage-gated calcium channel subunit alpha-2/delta-1,UniProtKB reviewed (Swiss-Prot),O08533|O08534|O08535|O08536,Voltage-dependent calcium channel subunit alpha-2/delta-1|Voltage-gated calcium channel subunit alpha-2/delta-1,Cacna2d1,Mus,Eukaryota,Chordata,10090,,,,metal ion binding (GO:0046872)|voltage-gated calcium channel activity involved in bundle of His cell action potential (GO:0086057),GABA-ergic synapse (GO:0098982)|L-type voltage-gated calcium channel complex (GO:1990454)|neuronal dense core vesicle (GO:0098992)|plasma membrane (GO:0005886)|presynaptic active zone membrane (GO:0048787)|sarcoplasmic reticulum (GO:0016529)|T-tubule (GO:0030315)|voltage-gated calcium channel complex (GO:0005891),,Extracellular[25-1073]|Cytoplasmic[1095-1103],,,N-linked (GlcNAc...) asparagine[92]|N-linked (GlcNAc...) asparagine[136]|N-linked (GlcNAc...) asparagine[184]|N-linked (GlcNAc...) asparagine[324]|N-linked (GlcNAc...) asparagine[348]|N-linked (GlcNAc...) asparagine[613]|N-linked (GlcNAc...) asparagine[781]|N-linked (GlcNAc...) asparagine[888],,Interchain (between alpha-2-1 and delta-1 chains)[404-1059],,Phosphoserine[119],,,,,,,,,,SSF53300,PS50234,IPR051173|IPR013680|IPR013608|IPR002035|IPR036465,PF08473|PF00092|PF08399,,
CHEMBL5579,,,4,Homo sapiens,,O14578,CRIK | STK21 | Citron Rho-interacting kinase | KIAA0949 | Serine/threonine-protein kinase 21 | CIT,O14578,O14578,Citron Rho-interacting kinase,CRIK|Serine/threonine-protein kinase 21,UniProtKB reviewed (Swiss-Prot),Q2M5E1|Q6XUH8|Q86UQ9|Q9UPZ7,Citron Rho-interacting kinase|Serine/threonine-protein kinase 21,CIT,Homo,Eukaryota,Chordata,9606,2.7.11.1,,HGNC:1985,ATP binding (GO:0005524)|PDZ domain binding (GO:0030165)|protein kinase binding (GO:0019901)|protein serine kinase activity (GO:0106310)|protein serine/threonine kinase activity (GO:0004674)|protein serine/threonine kinase inhibitor activity (GO:0030291)|scaffold protein binding (GO:0097110)|SH3 domain binding (GO:0017124)|transcription coactivator binding (GO:0001223)|zinc ion binding (GO:0008270),cytosol (GO:0005829)|membrane (GO:0016020),,,,,,,,,Phosphoserine[433]|Phosphoserine[440]|Phosphoserine[480]|Phosphoserine[582]|Phosphotyrosine[1196]|Phosphoserine[1940]|Phosphoserine[1993]|Phosphothreonine[2013],N-acetylmethionine[1]|N6-acetyllysine[1721],,,,,,,1509,,SSF57889|SSF50729|SSF56112,PS51285|PS50219|PS50003|PS00107|PS50011|PS00108|PS00479|PS50081,IPR000961|IPR046349|IPR017405|IPR001180|IPR037708|IPR011009|IPR002219|IPR011993|IPR001849|IPR017892|IPR000719|IPR017441|IPR050839|IPR008271,PF00780|PF00169|PF00069|PF00433,,
CHEMBL5028,,,2,Homo sapiens,,O14672, | KUZ | CDw156 | ADAM 10 | Mammalian disintegrin-metalloprotease | Kuzbanian protein homolog | MADM | ADAM10 | Disintegrin and metalloproteinase domain-containing protein 10,O14672,O14672,Disintegrin and metalloproteinase domain-containing protein 10,ADAM 10|CDw156|Kuzbanian protein homolog|Mammalian disintegrin-metalloprotease,UniProtKB reviewed (Swiss-Prot),B4DU28|Q10742|Q92650,Disintegrin and metalloproteinase domain-containing protein 10|CDw156|Kuzbanian protein homolog|Mammalian disintegrin-metalloprotease,ADAM10,Homo,Eukaryota,Chordata,9606,3.4.24.81,,HGNC:188,endopeptidase activity (GO:0004175)|integrin binding (GO:0005178)|metal ion binding (GO:0046872)|metallodipeptidase activity (GO:0070573)|metalloendopeptidase activity (GO:0004222)|metalloendopeptidase activity involved in amyloid precursor protein catabolic process (GO:1902945)|metallopeptidase activity (GO:0008237)|protein homodimerization activity (GO:0042803)|protein kinase binding (GO:0019901)|SH3 domain binding (GO:0017124)|signaling receptor binding (GO:0005102),adherens junction (GO:0005912)|axon (GO:0030424)|cell surface (GO:0009986)|clathrin-coated vesicle (GO:0030136)|cytoplasm (GO:0005737)|dendrite (GO:0030425)|endoplasmic reticulum lumen (GO:0005788)|extracellular exosome (GO:0070062)|focal adhesion (GO:0005925)|glutamatergic synapse (GO:0098978)|Golgi apparatus (GO:0005794)|Golgi membrane (GO:0000139)|Golgi-associated vesicle (GO:0005798)|intracellular membrane-bounded organelle (GO:0043231)|membrane (GO:0016020)|nucleus (GO:0005634)|perinuclear endoplasmic reticulum (GO:0097038)|plasma membrane (GO:0005886)|pore complex (GO:0046930)|postsynaptic density (GO:0014069)|specific granule membrane (GO:0035579)|synaptic membrane (GO:0097060)|tertiary granule membrane (GO:0070821)|tetraspanin-enriched microdomain (GO:0097197),,Extracellular[20-672]|Cytoplasmic[694-748],,,N-linked (GlcNAc...) asparagine[267]|N-linked (GlcNAc...) asparagine[278]|N-linked (GlcNAc...) asparagine[439]|N-linked (GlcNAc...) asparagine[551],,[222-313]|[344-451]|[399-435]|[460-495]|[471-484]|[473-479]|[483-515]|[503-511]|[510-536]|[524-543]|[530-562]|[555-567]|[572-598]|[580-607]|[582-597]|[594-639]|[632-645],,Phosphothreonine; by FAM20C[719],,,,[20-213],,,,1658,,SSF57552|SSF55486,PS50215|PS50214|PS00142,IPR034025|IPR049038|IPR051489|IPR001762|IPR036436|IPR024079|IPR001590,PF21299|PF00200|PF13574,,8.A.77.1.4
CHEMBL3530,,,4,Homo sapiens,,O14733,JNKK2 | MAP kinase kinase 7 | MKK7 | SAPKK-4 | SAPKK4 | JNK-activating kinase 2 | c-Jun N-terminal kinase kinase 2 | SAPK kinase 4 | MAP2K7 | PRKMK7 | SKK4 | JNKK 2 | MEK 7 | MEK7 | Stress-activated protein kinase kinase 4 | Dual specificity mitogen-activated protein kinase kinase 7 | MAPK/ERK kinase 7 | MAPKK 7 | JNK kinase 2,O14733,O14733,Dual specificity mitogen-activated protein kinase kinase 7,MAP kinase kinase 7|MAPKK 7|JNK-activating kinase 2|MAPK/ERK kinase 7|MEK 7|Stress-activated protein kinase kinase 4|SAPK kinase 4|SAPKK-4|SAPKK4|c-Jun N-terminal kinase kinase 2|JNK kinase 2|JNKK 2,UniProtKB reviewed (Swiss-Prot),B2R9S5|D6W659|O14648|O14816|O60452|O60453|Q1PG43|Q8IY10,Dual specificity mitogen-activated protein kinase kinase 7|JNK-activating kinase 2|MAPK/ERK kinase 7|Stress-activated protein kinase kinase 4|c-Jun N-terminal kinase kinase 2,MAP2K7,Homo,Eukaryota,Chordata,9606,2.7.12.2,,HGNC:6847,ATP binding (GO:0005524)|enzyme binding (GO:0019899)|JUN kinase kinase activity (GO:0008545)|magnesium ion binding (GO:0000287)|MAP kinase activity (GO:0004707)|MAP kinase kinase activity (GO:0004708)|molecular function activator activity (GO:0140677)|protein kinase binding (GO:0019901)|protein phosphatase binding (GO:0019903)|protein serine kinase activity (GO:0106310)|protein tyrosine kinase activity (GO:0004713),cytoplasm (GO:0005737)|cytosol (GO:0005829)|nucleus (GO:0005634),,,,,,,,,Phosphoserine; by MAP3K[271]|Phosphothreonine; by MAP3K[275]|Phosphoserine[411],N-acetylalanine[2],,,,,,,2068,,SSF56112,PS50011|PS00108,IPR052468|IPR011009|IPR000719|IPR008271,PF00069,,
CHEMBL1795116,,,5,Homo sapiens,,O14744,SKB1 homolog | JBP1 | Protein arginine N-methyltransferase 5 | SKB1 | PRMT5 | HRMT1L5 | 72 kDa ICln-binding protein | Shk1 kinase-binding protein 1 homolog | Jak-binding protein 1 | Histone-arginine N-methyltransferase PRMT5 | SKB1Hs | IBP72,O14744,O14744,Protein arginine N-methyltransferase 5,PRMT5|72 kDa ICln-binding protein|Histone-arginine N-methyltransferase PRMT5|Jak-binding protein 1|Shk1 kinase-binding protein 1 homolog|SKB1 homolog|SKB1Hs,UniProtKB reviewed (Swiss-Prot),A8MTP3|A8MZ91|B4DX49|B4DY30|B5BU10|D3DS33|E2QRE7|Q6IBR1|Q9UKH1,Protein arginine N-methyltransferase 5|72 kDa ICln-binding protein|Histone-arginine N-methyltransferase PRMT5|Jak-binding protein 1|Shk1 kinase-binding protein 1 homolog,PRMT5,Homo,Eukaryota,Chordata,9606,2.1.1.320,,HGNC:10894,E-box binding (GO:0070888)|histone arginine N-methyltransferase activity (GO:0008469)|histone H3 methyltransferase activity (GO:0140938)|histone H4R3 methyltransferase activity (GO:0044020)|histone methyltransferase activity (GO:0042054)|identical protein binding (GO:0042802)|methyl-CpG binding (GO:0008327)|methyltransferase activity (GO:0008168)|p53 binding (GO:0002039)|protein heterodimerization activity (GO:0046982)|protein-arginine N-methyltransferase activity (GO:0016274)|protein-arginine omega-N symmetric methyltransferase activity (GO:0035243)|ribonucleoprotein complex binding (GO:0043021)|transcription corepressor activity (GO:0003714),chromatin (GO:0000785)|cytoplasm (GO:0005737)|cytosol (GO:0005829)|Golgi apparatus (GO:0005794)|histone methyltransferase complex (GO:0035097)|methylosome (GO:0034709)|nucleoplasm (GO:0005654)|nucleus (GO:0005634),,,,,,,,,,"N-acetylalanine; in Protein arginine N-methyltransferase 5, N-terminally processed[2]",,,,,,,1256,,SSF53335,PS51678,IPR025799|IPR007857|IPR035075|IPR035248|IPR035247|IPR029063,PF05185|PF17286|PF17285,,
CHEMBL4523125,,,2,Homo sapiens,,O14745,Ezrin-radixin-moesin-binding phosphoprotein 50 | Na(+)/H(+) exchange regulatory cofactor NHE-RF1 | Sodium-hydrogen exchanger regulatory factor 1 | SLC9A3R1 | NHERF-1 | NHERF | NHERF1 | Regulatory cofactor of Na(+)/H(+) exchanger | Solute carrier family 9 isoform A3 regulatory factor 1 | EBP50,O14745,O14745,Na(+)/H(+) exchange regulatory cofactor NHE-RF1,NHERF-1|Ezrin-radixin-moesin-binding phosphoprotein 50|EBP50|Regulatory cofactor of Na(+)/H(+) exchanger|Sodium-hydrogen exchanger regulatory factor 1|Solute carrier family 9 isoform A3 regulatory factor 1,UniProtKB reviewed (Swiss-Prot),B3KY21|O43552|Q86WQ5,Na(+)/H(+) exchange regulatory cofactor NHE-RF1|Ezrin-radixin-moesin-binding phosphoprotein 50|Regulatory cofactor of Na(+)/H(+) exchanger|Sodium-hydrogen exchanger regulatory factor 1|Solute carrier family 9 isoform A3 regulatory factor 1,NHERF1,Homo,Eukaryota,Chordata,9606,,,HGNC:11075,beta-2 adrenergic receptor binding (GO:0031698)|beta-catenin binding (GO:0008013)|channel activator activity (GO:0099103)|chloride channel regulator activity (GO:0017081)|dopamine receptor binding (GO:0050780)|growth factor receptor binding (GO:0070851)|identical protein binding (GO:0042802)|PDZ domain binding (GO:0030165)|phosphatase binding (GO:0019902)|protein-membrane adaptor activity (GO:0043495)|signaling receptor binding (GO:0005102)|type 2 metabotropic glutamate receptor binding (GO:0031799)|type 3 metabotropic glutamate receptor binding (GO:0031800),actin cytoskeleton (GO:0015629)|apical plasma membrane (GO:0016324)|brush border membrane (GO:0031526)|cell periphery (GO:0071944)|cytoplasm (GO:0005737)|endomembrane system (GO:0012505)|extracellular exosome (GO:0070062)|filopodium (GO:0030175)|membrane (GO:0016020)|microvillus (GO:0005902)|microvillus membrane (GO:0031528)|perinuclear region of cytoplasm (GO:0048471)|plasma membrane protein complex (GO:0098797)|ruffle (GO:0001726)|sperm midpiece (GO:0097225)|stereocilium tip (GO:0032426)|vesicle (GO:0031982),,,,,,,,,Phosphoserine[2]|Phosphoserine[46]|Phosphoserine[162]|Phosphoserine[269]|Phosphoserine[280]|Phosphoserine[290]|Phosphoserine[291]|Phosphothreonine[293]|Phosphoserine[294]|Phosphoserine[299]|Phosphoserine[302],N-acetylserine[2],,,,,,,,,SSF50156,PS50106,IPR015098|IPR051067|IPR017300|IPR001478|IPR036034,PF09007|PF00595,,8.A.24.1.1
CHEMBL2916,,,4,Homo sapiens,,O14746,Telomerase reverse transcriptase | EST2 | HEST2 | TERT | Telomerase-associated protein 2 | TP2 | TRT | Telomerase catalytic subunit | TCS1,O14746,O14746,Telomerase reverse transcriptase,HEST2|Telomerase catalytic subunit|Telomerase-associated protein 2|TP2,UniProtKB reviewed (Swiss-Prot),O14783|Q2XS35|Q8N6C3|Q8NG38|Q8NG46,Telomerase reverse transcriptase|HEST2|Telomerase catalytic subunit|Telomerase-associated protein 2,TERT,Homo,Eukaryota,Chordata,9606,2.7.7.49,,HGNC:11730,DNA binding (GO:0003677)|identical protein binding (GO:0042802)|metal ion binding (GO:0046872)|protein homodimerization activity (GO:0042803)|protein-folding chaperone binding (GO:0051087)|RNA binding (GO:0003723)|RNA-directed DNA polymerase activity (GO:0003964)|RNA-directed RNA polymerase activity (GO:0003968)|telomerase activity (GO:0003720)|telomerase RNA binding (GO:0070034)|telomeric DNA binding (GO:0042162)|template-free RNA nucleotidyltransferase (GO:0098680)|transcription coactivator binding (GO:0001223)|tRNA binding (GO:0000049),"chromosome, telomeric region (GO:0000781)|cytosol (GO:0005829)|mitochondrial nucleoid (GO:0042645)|nuclear speck (GO:0016607)|nuclear telomere cap complex (GO:0000783)|nucleolus (GO:0005730)|nucleoplasm (GO:0005654)|nucleus (GO:0005634)|plasma membrane (GO:0005886)|PML body (GO:0016605)|RNA-directed RNA polymerase complex (GO:0031379)|telomerase catalytic core complex (GO:0000333)|telomerase holoenzyme complex (GO:0005697)|TERT-RMRP complex (GO:1990572)",,,,,,,,,Phosphoserine; by PKB/AKT1[227]|Phosphoserine; by DYRK2[457]|Phosphotyrosine; by SRC-type Tyr-kinases[707],,,,,,,,,,SSF56672,PS50878,IPR043502|IPR000477|IPR021891|IPR003545|IPR049139,PF00078|PF12009|PF21399,PR01365,
CHEMBL4630,,,3,Homo sapiens,,O14757,CHK1 checkpoint homolog | CHK1 | CHEK1 | Checkpoint kinase-1 | Cell cycle checkpoint kinase | Serine/threonine-protein kinase Chk1,O14757,O14757,Serine/threonine-protein kinase Chk1,CHK1 checkpoint homolog|Cell cycle checkpoint kinase|Checkpoint kinase-1,UniProtKB reviewed (Swiss-Prot),A8K934|B4DDD0|B4DSK3|B5BTY6|F5H7S4|H2BI51,Serine/threonine-protein kinase Chk1|CHK1 checkpoint homolog|Cell cycle checkpoint kinase|Checkpoint kinase-1,CHEK1,Homo,Eukaryota,Chordata,9606,2.7.11.1,,HGNC:1925,ATP binding (GO:0005524)|histone H3T11 kinase activity (GO:0035402)|protein domain specific binding (GO:0019904)|protein kinase activity (GO:0004672)|protein serine kinase activity (GO:0106310)|protein serine/threonine kinase activity (GO:0004674),centrosome (GO:0005813)|chromatin (GO:0000785)|condensed nuclear chromosome (GO:0000794)|cytoplasm (GO:0005737)|cytosol (GO:0005829)|extracellular space (GO:0005615)|intracellular membrane-bounded organelle (GO:0043231)|nucleoplasm (GO:0005654)|nucleus (GO:0005634)|protein-containing complex (GO:0032991)|replication fork (GO:0005657),,,,,,,,,Phosphoserine[280]|Phosphoserine[286]|Phosphoserine[296]|Phosphoserine[301]|Phosphoserine; by ATM and ATR[317]|Phosphoserine[331]|Phosphoserine; by ATM and ATR[345]|Phosphoserine[467]|Phosphoserine[468],,,,,,,,1987,,SSF56112,PS00107|PS50011|PS00108,IPR034670|IPR011009|IPR000719|IPR017441|IPR008271,PF00069,,
CHEMBL5174,,,3,Homo sapiens,,O14786, | NRP | Vascular endothelial cell growth factor 165 receptor | VEGF165R | Neuropilin-1 | NRP1,O14786,O14786,Neuropilin-1,Vascular endothelial cell growth factor 165 receptor,UniProtKB reviewed (Swiss-Prot),B0LPG9|O60461|Q5T7F1|Q5T7F2|Q5T7F3|Q86T59|Q96I90|Q96IH5,Neuropilin-1|Vascular endothelial cell growth factor 165 receptor,NRP1,Homo,Eukaryota,Chordata,9606,,,HGNC:8004,coreceptor activity (GO:0015026)|cytokine binding (GO:0019955)|growth factor binding (GO:0019838)|GTPase activator activity (GO:0005096)|heparin binding (GO:0008201)|metal ion binding (GO:0046872)|protein kinase binding (GO:0019901)|semaphorin receptor activity (GO:0017154)|vascular endothelial growth factor binding (GO:0038085)|vascular endothelial growth factor receptor activity (GO:0005021),axon (GO:0030424)|cytoplasmic vesicle (GO:0031410)|cytosol (GO:0005829)|early endosome (GO:0005769)|extracellular space (GO:0005615)|focal adhesion (GO:0005925)|glutamatergic synapse (GO:0098978)|mitochondrial membrane (GO:0031966)|neurofilament (GO:0005883)|neuron projection (GO:0043005)|plasma membrane (GO:0005886)|postsynaptic membrane (GO:0045211)|receptor complex (GO:0043235)|semaphorin receptor complex (GO:0002116)|sorting endosome (GO:0097443),,Extracellular[22-856]|Cytoplasmic[880-923],,,N-linked (GlcNAc...) asparagine[150]|N-linked (GlcNAc...) asparagine[261]|N-linked (GlcNAc...) asparagine[300]|N-linked (GlcNAc...) asparagine[522]|O-linked (Xyl...) (chondroitin sulfate) serine; alternate[612]|O-linked (Xyl...) (heparan sulfate) serine; alternate[612]|O-linked (Xyl...) (chondroitin sulfate) serine[829]|N-linked (GlcNAc...) asparagine[842],,[27-54]|[82-104]|[147-173]|[206-228]|[275-424]|[431-583],,Phosphoserine[894],,,,,,,,2998,,SSF49899|SSF49785|SSF49854,PS01180|PS01285|PS01286|PS50022|PS00740|PS50060,IPR013320|IPR000859|IPR000421|IPR008979|IPR000998|IPR014648|IPR022579|IPR050633|IPR035914,PF00431|PF11980|PF00754|PF00629,PR00020,8.A.47.1.5
CHEMBL1991,,,4,Homo sapiens,,O14920,NFKBIKB | IKKB | IKBKB | IKK-beta | Nuclear factor NF-kappa-B inhibitor kinase beta | IKK2 | I-kappa-B kinase 2 | Inhibitor of nuclear factor kappa-B kinase subunit beta | IKK-2 | I-kappa-B-kinase beta | IKK-B | Serine/threonine protein kinase IKBKB | IkBKB,O14920,O14920,Inhibitor of nuclear factor kappa-B kinase subunit beta,I-kappa-B-kinase beta|IKK-B|IKK-beta|IkBKB|I-kappa-B kinase 2|IKK-2|IKK2|Nuclear factor NF-kappa-B inhibitor kinase beta|NFKBIKB|Serine/threonine protein kinase IKBKB,UniProtKB reviewed (Swiss-Prot),B4DZ30|B4E0U4|O75327,Inhibitor of nuclear factor kappa-B kinase subunit beta|I-kappa-B kinase 2|Nuclear factor NF-kappa-B inhibitor kinase beta|Serine/threonine protein kinase IKBKB,IKBKB,Homo,Eukaryota,Chordata,9606,2.7.11.10|2.7.11.1,,HGNC:5960,ATP binding (GO:0005524)|identical protein binding (GO:0042802)|IkappaB kinase activity (GO:0008384)|protein heterodimerization activity (GO:0046982)|protein homodimerization activity (GO:0042803)|protein kinase activity (GO:0004672)|protein kinase binding (GO:0019901)|protein serine kinase activity (GO:0106310)|protein serine/threonine kinase activity (GO:0004674)|scaffold protein binding (GO:0097110)|transferrin receptor binding (GO:1990459),CD40 receptor complex (GO:0035631)|cytoplasm (GO:0005737)|cytoplasmic side of plasma membrane (GO:0009898)|cytosol (GO:0005829)|IkappaB kinase complex (GO:0008385)|membrane raft (GO:0045121)|nucleus (GO:0005634),,,,,,,,S-nitrosocysteine[179]|Hydroxyproline[191],"Phosphoserine; by TBK1 and PKC/PRKCZ[177]|Phosphoserine; by TBK1, PKC/PRKCZ and PDPK1[181]|Phosphoserine; by autocatalysis[670]|Phosphoserine[672]|Phosphoserine[675]|Phosphoserine; by autocatalysis[675]|Phosphoserine; by autocatalysis[682]|Phosphoserine; by autocatalysis[689]|Phosphoserine; by autocatalysis[692]|Phosphoserine; by autocatalysis[695]|Phosphoserine; by autocatalysis[697]|Phosphoserine; by autocatalysis[705]|Phosphoserine; by autocatalysis[733]|Phosphoserine; by autocatalysis[740]|Phosphoserine; by autocatalysis[750]",(Microbial infection) O-acetylthreonine; by Yersinia YopJ[180],,,,,,,2039,,SSF56112|SSF54236,PS50011|PS00108,IPR041185|IPR046375|IPR051180|IPR022007|IPR011009|IPR000719|IPR008271|IPR000626|IPR029071,PF18397|PF12179|PF00069,,
CHEMBL2734,,,3,Homo sapiens,,O14939,hPLD2 | Phospholipase D2 | PLD2 | PLD1C | PLD 2 | Phosphatidylcholine-hydrolyzing phospholipase D2 | Choline phosphatase 2,O14939,O14939,Phospholipase D2,PLD 2|hPLD2|Choline phosphatase 2|PLD1C|Phosphatidylcholine-hydrolyzing phospholipase D2,UniProtKB reviewed (Swiss-Prot),I3L2C9|O43540|O43579|O43580|Q6PGR0|Q96BY3,Phospholipase D2|Choline phosphatase 2|PLD1C|Phosphatidylcholine-hydrolyzing phospholipase D2,PLD2,Homo,Eukaryota,Chordata,9606,3.1.4.4,,HGNC:9068,phosphatidylinositol binding (GO:0035091)|phospholipase D activity (GO:0004630),brush border membrane (GO:0031526)|cytoplasmic vesicle (GO:0031410)|endoplasmic reticulum membrane (GO:0005789)|plasma membrane (GO:0005886)|presynapse (GO:0098793),,,,,,,,,,,,,,,,,1434,,SSF50729|SSF56024|SSF64268,PS50035|PS50195,IPR011993|IPR001849|IPR025202|IPR001736|IPR016555|IPR015679|IPR001683|IPR036871,PF00614|PF13091|PF00787,,
CHEMBL4355,,,2,Homo sapiens,,O14976,Cyclin-G-associated kinase | GAK,O14976,O14976,Cyclin-G-associated kinase,DnaJ homolog subfamily C member 26,UniProtKB reviewed (Swiss-Prot),Q5U4P5|Q9BVY6,Cyclin-G-associated kinase|DnaJ homolog subfamily C member 26,GAK,Homo,Eukaryota,Chordata,9606,2.7.11.1,,HGNC:4113,ATP binding (GO:0005524)|clathrin binding (GO:0030276)|cyclin binding (GO:0030332)|protein serine kinase activity (GO:0106310)|protein serine/threonine kinase activity (GO:0004674)|protein-folding chaperone binding (GO:0051087),clathrin-coated vesicle (GO:0030136)|cytosol (GO:0005829)|focal adhesion (GO:0005925)|Golgi apparatus (GO:0005794)|intracellular membrane-bounded organelle (GO:0043231)|membrane (GO:0016020)|perinuclear region of cytoplasm (GO:0048471)|presynapse (GO:0098793)|vesicle (GO:0031982),,,,,,,,Omega-N-methylarginine[1123],Phosphoserine[2]|Phosphoserine[16]|Phosphoserine[456]|Phosphoserine[770]|Phosphothreonine[776]|Phosphoserine[783]|Phosphothreonine[794]|Phosphoserine[811]|Phosphoserine[826]|Phosphoserine[829]|Phosphoserine[834]|Phosphoserine[939]|Phosphoserine[1096]|Phosphoserine[1176]|Phosphoserine[1185],N-acetylserine[2],,,,,,,2027,,SSF52799|SSF49562|SSF46565|SSF56112,PS51182|PS50076|PS51181|PS50011|PS00108,IPR035892|IPR001623|IPR036869|IPR011009|IPR029021|IPR000719|IPR008271|IPR014020|IPR029023,PF00069|PF10409,,
CHEMBL1938211,,,2,Homo sapiens,,O15054,JmjC domain-containing protein 3 | Jumonji domain-containing protein 3 | Lysine demethylase 6B | JMJD3 | [histone H3]-trimethyl-L-lysine(27) demethylase 6B | KIAA0346 | KDM6B | Lysine-specific demethylase 6B,O15054,O15054,Lysine-specific demethylase 6B,JmjC domain-containing protein 3|Jumonji domain-containing protein 3|Lysine demethylase 6B|[histone H3]-trimethyl-L-lysine(27) demethylase 6B,UniProtKB reviewed (Swiss-Prot),C9IZ40|Q96G33,Lysine-specific demethylase 6B|JmjC domain-containing protein 3|Jumonji domain-containing protein 3|Lysine demethylase 6B|[histone H3]-trimethyl-L-lysine(27) demethylase 6B,KDM6B,Homo,Eukaryota,Chordata,9606,1.14.11.68,,HGNC:29012,beta-catenin binding (GO:0008013)|chromatin DNA binding (GO:0031490)|histone demethylase activity (GO:0032452)|histone H3K27me2/H3K27me3 demethylase activity (GO:0071558)|metal ion binding (GO:0046872)|RNA polymerase II cis-regulatory region sequence-specific DNA binding (GO:0000978),MLL3/4 complex (GO:0044666)|nucleoplasm (GO:0005654)|nucleus (GO:0005634),,,,,,,,,Phosphoserine[224],,,,,,,,2685,,SSF51197,PS51184,IPR051630|IPR003347|IPR046941|IPR048562|IPR048560,PF02373|PF21322|PF21326,,
CHEMBL5683,,,4,Homo sapiens,,O15075,Serine/threonine-protein kinase DCLK1 | Doublecortin domain-containing protein 3A | Doublecortin-like kinase 1 | DCAMKL1 | Doublecortin-like and CAM kinase-like 1 | DCLK1 | DCDC3A | KIAA0369,O15075,O15075,Serine/threonine-protein kinase DCLK1,Doublecortin domain-containing protein 3A|Doublecortin-like and CAM kinase-like 1|Doublecortin-like kinase 1,UniProtKB reviewed (Swiss-Prot),B7Z3E9|Q5VZY8|Q5VZZ0|Q5VZZ1,Serine/threonine-protein kinase DCLK1|Doublecortin domain-containing protein 3A|Doublecortin-like and CAM kinase-like 1|Doublecortin-like kinase 1,DCLK1,Homo,Eukaryota,Chordata,9606,2.7.11.1,,HGNC:2700,ATP binding (GO:0005524)|protein kinase activity (GO:0004672)|protein serine kinase activity (GO:0106310)|protein serine/threonine kinase activity (GO:0004674),cytoplasm (GO:0005737)|plasma membrane (GO:0005886),,,,,,,,,Phosphoserine[32]|Phosphoserine[36]|Phosphothreonine[46]|Phosphoserine[305]|Phosphoserine[307]|Phosphoserine[330]|Phosphoserine[332]|Phosphoserine[334]|Phosphoserine[337]|Phosphoserine[347]|Phosphoserine[352]|Phosphoserine[353]|Phosphoserine[355]|Phosphoserine[364]|Phosphoserine[376]|Phosphotyrosine[520]|Phosphoserine[726]|Phosphoserine[735]|Phosphoserine[738],,,,,,,,2005,,SSF89837|SSF56112,PS50309|PS00107|PS50011|PS00108,IPR003533|IPR036572|IPR011009|IPR000719|IPR017441|IPR008271,PF03607|PF00069,,
CHEMBL4772,,,2,Homo sapiens,,O15120,1-acylglycerol-3-phosphate O-acyltransferase 2 | Lysophosphatidic acid acyltransferase beta | AGPAT2 | LPAAT-beta | 1-acyl-sn-glycerol-3-phosphate acyltransferase beta | 1-AGPAT 2 | 1-AGP acyltransferase 2,O15120,O15120,1-acyl-sn-glycerol-3-phosphate acyltransferase beta,1-acylglycerol-3-phosphate O-acyltransferase 2|1-AGP acyltransferase 2|1-AGPAT 2|Lysophosphatidic acid acyltransferase beta|LPAAT-beta,UniProtKB reviewed (Swiss-Prot),O00516|O15106|Q5VUD3|Q5VUD4|Q9BSV7|Q9BWR7,1-acyl-sn-glycerol-3-phosphate acyltransferase beta|1-acylglycerol-3-phosphate O-acyltransferase 2|Lysophosphatidic acid acyltransferase beta,AGPAT2,Homo,Eukaryota,Chordata,9606,2.3.1.51,,HGNC:325,1-acylglycerol-3-phosphate O-acyltransferase activity (GO:0003841),endoplasmic reticulum (GO:0005783)|endoplasmic reticulum membrane (GO:0005789)|plasma membrane (GO:0005886)|specific granule membrane (GO:0035579),,Lumenal[24-29]|Cytoplasmic[51-121]|Lumenal[143-278],,,,,,,,,,,,,,,,,SSF69593,,IPR004552|IPR002123,PF01553,,
CHEMBL5684,,,3,Homo sapiens,,O15146,Muscle-specific tyrosine-protein kinase receptor | Muscle | Muscle-specific kinase receptor | MUSK | skeletal receptor tyrosine-protein kinase | MuSK,O15146,O15146,"Muscle, skeletal receptor tyrosine-protein kinase",Muscle-specific tyrosine-protein kinase receptor|MuSK|Muscle-specific kinase receptor,UniProtKB reviewed (Swiss-Prot),Q32MJ8|Q32MJ9|Q5VZW7|Q5VZW8,"Muscle, skeletal receptor tyrosine-protein kinase|Muscle-specific tyrosine-protein kinase receptor",MUSK,Homo,Eukaryota,Chordata,9606,2.7.10.1,,HGNC:7525,ATP binding (GO:0005524)|metal ion binding (GO:0046872)|protein tyrosine kinase activity (GO:0004713)|transmembrane receptor protein tyrosine kinase activity (GO:0004714)|Wnt-protein binding (GO:0017147),neuromuscular junction (GO:0031594)|plasma membrane (GO:0005886)|postsynaptic membrane (GO:0045211)|receptor complex (GO:0043235),,Extracellular[24-495]|Cytoplasmic[517-869],,,N-linked (GlcNAc...) asparagine[222]|N-linked (GlcNAc...) asparagine[338],,[49-99]|[98-112]|[142-190]|[233-282]|[317-382]|[325-375]|[366-406]|[394-447]|[398-434],,Phosphotyrosine; by autocatalysis[554]|Phosphoserine; by CK2[681]|Phosphoserine; by CK2[698]|Phosphotyrosine; by autocatalysis[755],,,,,,,,1847,,SSF48726|SSF56112,PS50038|PS50835|PS00107|PS50011|PS00109,IPR020067|IPR036790|IPR007110|IPR036179|IPR013783|IPR013098|IPR003599|IPR003598|IPR011009|IPR000719|IPR017441|IPR050122|IPR001245|IPR008266|IPR020635,PF01392|PF07679|PF13927|PF07714,PR00109,8.A.23.1.29
CHEMBL1255126,,,5,Homo sapiens,,O15151,Protein Mdm4 | MDM4 | Mdm2-like p53-binding protein | MDMX | Protein Mdmx | Double minute 4 protein | p53-binding protein Mdm4,O15151,O15151,Protein Mdm4,Double minute 4 protein|Mdm2-like p53-binding protein|Protein Mdmx|p53-binding protein Mdm4,UniProtKB reviewed (Swiss-Prot),Q2M2Y2|Q32SL2|Q6GS18|Q8IV83,Protein Mdm4|Double minute 4 protein|Mdm2-like p53-binding protein|Protein Mdmx|p53-binding protein Mdm4,MDM4,Homo,Eukaryota,Chordata,9606,,,HGNC:6974,enzyme binding (GO:0019899)|ubiquitin-protein transferase activity (GO:0004842)|zinc ion binding (GO:0008270),nucleoplasm (GO:0005654)|nucleus (GO:0005634)|transcription repressor complex (GO:0017053),,,,,,,,,Phosphoserine; by CHEK2[342]|Phosphoserine; by CHEK1 and CHEK2[367],,,,,,,,,,SSF90209|SSF47592,PS51925|PS01358|PS50199|PS50089,IPR051652|IPR015458|IPR016495|IPR036885|IPR003121|IPR001876|IPR036443|IPR001841|IPR013083,PF13920|PF00641,,
CHEMBL3108638,,,2,Homo sapiens,,O15164,TIF1 | RNF82 | TIF1A | TIF1-alpha | Transcription intermediary factor 1-alpha | RING-type E3 ubiquitin transferase TIF1-alpha | E3 ubiquitin-protein ligase TRIM24 | Tripartite motif-containing protein 24 | RING finger protein 82 | TRIM24,O15164,O15164,Transcription intermediary factor 1-alpha,TIF1-alpha|E3 ubiquitin-protein ligase TRIM24|RING finger protein 82|RING-type E3 ubiquitin transferase TIF1-alpha|Tripartite motif-containing protein 24,UniProtKB reviewed (Swiss-Prot),A4D1R7|A4D1R8|O95854,Transcription intermediary factor 1-alpha|E3 ubiquitin-protein ligase TRIM24|RING finger protein 82|RING-type E3 ubiquitin transferase TIF1-alpha|Tripartite motif-containing protein 24,TRIM24,Homo,Eukaryota,Chordata,9606,2.3.2.27,,HGNC:11812,chromatin binding (GO:0003682)|estrogen response element binding (GO:0034056)|lysine-acetylated histone binding (GO:0070577)|nuclear receptor binding (GO:0016922)|p53 binding (GO:0002039)|protein kinase activity (GO:0004672)|signaling receptor binding (GO:0005102)|transcription coactivator activity (GO:0003713)|ubiquitin protein ligase activity (GO:0061630)|zinc ion binding (GO:0008270),chromatin (GO:0000785)|cytosol (GO:0005829)|euchromatin (GO:0000791)|male germ cell nucleus (GO:0001673)|mitochondrion (GO:0005739)|nucleoplasm (GO:0005654)|nucleus (GO:0005634)|perichromatin fibrils (GO:0005726),,,,,,,,Omega-N-methylarginine[469],Phosphothreonine[101]|Phosphoserine[110]|Phosphoserine[654]|Phosphoserine[660]|Phosphoserine[667]|Phosphoserine[744]|Phosphoserine; by ATM[768]|Phosphoserine[808]|Phosphoserine[811]|Phosphothreonine[818]|Phosphoserine[1019]|Phosphoserine[1025]|Phosphoserine[1028]|Phosphoserine[1042],,,,,,,,2252,,SSF57845|SSF47370|SSF57903|SSF57850,PS00633|PS50014|PS50119|PS01359|PS50016|PS00518|PS50089,IPR003649|IPR001487|IPR036427|IPR018359|IPR019786|IPR000315|IPR011011|IPR001965|IPR019787|IPR001841|IPR013083|IPR017907,PF00439|PF00628|PF00643,PR00503,
CHEMBL2145,,,3,Homo sapiens,Optimum pH is 7.5.,O15229,Kynurenine 3-hydroxylase | KMO | Kynurenine 3-monooxygenase,O15229,O15229,Kynurenine 3-monooxygenase,Kynurenine 3-hydroxylase,UniProtKB reviewed (Swiss-Prot),A2A2U8|A2A2U9|A2A2V0|Q5SY07|Q5SY08|Q5SY09,Kynurenine 3-monooxygenase|Kynurenine 3-hydroxylase,KMO,Homo,Eukaryota,Chordata,9606,1.14.13.9,,HGNC:6381,FAD binding (GO:0071949)|flavin adenine dinucleotide binding (GO:0050660)|kynurenine 3-monooxygenase activity (GO:0004502)|NAD(P)H oxidase H2O2-forming activity (GO:0016174),cytosol (GO:0005829)|extracellular space (GO:0005615)|mitochondrial outer membrane (GO:0005741)|mitochondrion (GO:0005739),,,,,N-linked (GlcNAc...) asparagine[465],,,,,,,,,,,,2886,,SSF51905,,IPR002938|IPR036188|IPR027545,PF01494,PR00420,
CHEMBL2939,,,2,Homo sapiens,,O15264,MAPK 13 | Mitogen-activated protein kinase p38 delta | Mitogen-activated protein kinase 13 | Stress-activated protein kinase 4 | MAPK13 | SAPK4 | PRKM13 | MAP kinase 13 | MAP kinase p38 delta,O15264,O15264,Mitogen-activated protein kinase 13,MAP kinase 13|MAPK 13|Mitogen-activated protein kinase p38 delta|MAP kinase p38 delta|Stress-activated protein kinase 4,UniProtKB reviewed (Swiss-Prot),O14739|O15124|Q5U4A5|Q6FI46|Q9UNU0,Mitogen-activated protein kinase 13|Mitogen-activated protein kinase p38 delta|Stress-activated protein kinase 4,MAPK13,Homo,Eukaryota,Chordata,9606,2.7.11.24,,HGNC:6875,ATP binding (GO:0005524)|MAP kinase activity (GO:0004707)|protein serine kinase activity (GO:0106310)|protein serine/threonine kinase activity (GO:0004674),cytoplasm (GO:0005737)|cytosol (GO:0005829)|nucleus (GO:0005634),,,,,,,,,"Phosphoserine[47]|Phosphothreonine; by MAP2K3, MAP2K4, MAP2K6 and MAP2K7[180]|Phosphotyrosine; by MAP2K3, MAP2K4, MAP2K6 and MAP2K7[182]|Phosphoserine[350]",,,,,,,,1502,,SSF56112,PS01351|PS00107|PS50011,IPR011009|IPR050117|IPR003527|IPR038785|IPR008352|IPR000719|IPR017441,PF00069,PR01773,
CHEMBL1938224,,,2,Homo sapiens,,O15297,PP2C-delta | WIP1 | PPM1D | Protein phosphatase 2C isoform delta | p53-induced protein phosphatase 1 | Protein phosphatase 1D | Protein phosphatase magnesium-dependent 1 delta,O15297,O15297,Protein phosphatase 1D,Protein phosphatase 2C isoform delta|PP2C-delta|Protein phosphatase magnesium-dependent 1 delta|p53-induced protein phosphatase 1,UniProtKB reviewed (Swiss-Prot),Q53XP4|Q6P991|Q8IVR6,Protein phosphatase 1D|Protein phosphatase 2C isoform delta|Protein phosphatase magnesium-dependent 1 delta|p53-induced protein phosphatase 1,PPM1D,Homo,Eukaryota,Chordata,9606,3.1.3.16,,HGNC:9277,metal ion binding (GO:0046872)|mitogen-activated protein kinase binding (GO:0051019)|protein serine/threonine kinase activity (GO:0004674)|protein serine/threonine phosphatase activity (GO:0004722),cytosol (GO:0005829)|nucleolus (GO:0005730)|nucleoplasm (GO:0005654)|nucleus (GO:0005634),,,,,,,,,Phosphoserine[40]|Phosphoserine[85],,,,,,,,3134,,SSF81606,PS01032|PS51746,IPR015655|IPR000222|IPR036457|IPR001932,PF00481,,
CHEMBL1741162,,,2,Homo sapiens,,O15305,Phosphomannomutase 2 | PMM2 | PMM 2,O15305,O15305,Phosphomannomutase 2,PMM 2,UniProtKB reviewed (Swiss-Prot),A8K672|B7Z6R0|D3DUF3,Phosphomannomutase 2,PMM2,Homo,Eukaryota,Chordata,9606,5.4.2.8,,HGNC:9115,metal ion binding (GO:0046872)|phosphomannomutase activity (GO:0004615),cilium (GO:0005929)|cytosol (GO:0005829)|microtubule cytoskeleton (GO:0015630)|neuronal cell body (GO:0043025)|nucleoplasm (GO:0005654),,,,,,,,,,N-acetylalanine[2]|N6-acetyllysine[149],,,,,,,,,SSF56784,,IPR036412|IPR006379|IPR023214|IPR005002|IPR043169,PF03332,,
CHEMBL2331064,,,2,Homo sapiens,,O15357,"SH2 domain-containing inositol 5'-phosphatase 2 | SH2 domain-containing inositol phosphatase 2 | INPPL-1 | Protein 51C | SHIP-2 | Phosphatidylinositol 3,4,5-trisphosphate 5-phosphatase 2 | INPPL1 | Inositol polyphosphate phosphatase-like protein 1 | SHIP2",O15357,O15357,"Phosphatidylinositol 3,4,5-trisphosphate 5-phosphatase 2",Inositol polyphosphate phosphatase-like protein 1|INPPL-1|Protein 51C|SH2 domain-containing inositol 5'-phosphatase 2|SH2 domain-containing inositol phosphatase 2|SHIP-2,UniProtKB reviewed (Swiss-Prot),B2RTX5|Q13577|Q13578,"Phosphatidylinositol 3,4,5-trisphosphate 5-phosphatase 2|Inositol polyphosphate phosphatase-like protein 1|Protein 51C|SH2 domain-containing inositol 5'-phosphatase 2",INPPL1,Homo,Eukaryota,Chordata,9606,3.1.3.86,,HGNC:6080,"actin binding (GO:0003779)|inositol-polyphosphate 5-phosphatase activity (GO:0004445)|phosphatidylinositol-3,4,5-trisphosphate 5-phosphatase activity (GO:0034485)|SH2 domain binding (GO:0042169)|SH3 domain binding (GO:0017124)",basal plasma membrane (GO:0009925)|cytosol (GO:0005829)|filopodium (GO:0030175)|Golgi apparatus (GO:0005794)|lamellipodium (GO:0030027)|nuclear speck (GO:0016607)|nucleus (GO:0005634)|spindle pole (GO:0000922),,,,,,,,,Phosphoserine[132]|Phosphothreonine[165]|Phosphoserine[241]|Phosphoserine[352]|Phosphotyrosine[886]|Phosphoserine[890]|Phosphothreonine[958]|Phosphotyrosine; by SRC[986]|Phosphoserine[1131]|Phosphotyrosine[1135]|Phosphotyrosine[1162]|Phosphoserine[1257],,,,,,,,1459,,SSF56219|SSF47769|SSF55550,PS50105|PS50001,IPR036691|IPR000300|IPR001660|IPR013761|IPR000980|IPR036860,PF24147|PF24150|PF22669|PF00536|PF00017,PR00401,
CHEMBL1829,,,2,Homo sapiens,,O15379,SMAP45 | HDAC3 | HD3 | Protein deacetylase HDAC3 | Histone deacetylase 3 | RPD3-2 | Protein deacylase HDAC3,O15379,O15379,Histone deacetylase 3,HD3|Protein deacetylase HDAC3|Protein deacylase HDAC3|RPD3-2|SMAP45,UniProtKB reviewed (Swiss-Prot),D3DQE1|O43268|Q9UEI5|Q9UEV0,Histone deacetylase 3|Protein deacetylase HDAC3|Protein deacylase HDAC3|RPD3-2|SMAP45,HDAC3,Homo,Eukaryota,Chordata,9606,3.5.1.98|3.5.1.-,,HGNC:4854,"chromatin binding (GO:0003682)|chromatin DNA binding (GO:0031490)|cyclin binding (GO:0030332)|DNA-binding transcription factor binding (GO:0140297)|enzyme binding (GO:0019899)|GTPase binding (GO:0051020)|histone deacetylase activity (GO:0004407)|histone deacetylase activity, hydrolytic mechanism (GO:0141221)|histone deacetylase binding (GO:0042826)|histone decrotonylase activity (GO:0160009)|NF-kappaB binding (GO:0051059)|protein de-2-hydroxyisobutyrylase activity (GO:0160010)|protein decrotonylase activity (GO:0160008)|protein lysine deacetylase activity (GO:0033558)|protein lysine delactylase activity (GO:0160216)|transcription corepressor activity (GO:0003714)|transcription corepressor binding (GO:0001222)|ubiquitin-specific protease binding (GO:1990381)",chromatin (GO:0000785)|cytoplasm (GO:0005737)|cytosol (GO:0005829)|Golgi apparatus (GO:0005794)|histone deacetylase complex (GO:0000118)|mitotic spindle (GO:0072686)|nucleoplasm (GO:0005654)|nucleus (GO:0005634)|plasma membrane (GO:0005886)|transcription repressor complex (GO:0017053),,,,,,,,,Phosphoserine[424],,,,,,,,2617,,SSF52768,,IPR050284|IPR000286|IPR003084|IPR023801|IPR037138|IPR023696,PF00850,PR01270|PR01271,
CHEMBL3616354,,,2,Homo sapiens,,O15382,ECA40 | BCT2 | mitochondrial | PP18 | BCAT(m) | Placental protein 18 | BCATM | Branched-chain-amino-acid aminotransferase | BCAT2,O15382,O15382,"Branched-chain-amino-acid aminotransferase, mitochondrial",BCAT(m)|Placental protein 18|PP18,UniProtKB reviewed (Swiss-Prot),B2RB87|O00269|Q96KG1|Q9BTB6|Q9BUU6,"Branched-chain-amino-acid aminotransferase, mitochondrial|Placental protein 18",BCAT2,Homo,Eukaryota,Chordata,9606,2.6.1.42,,HGNC:977,branched-chain-amino-acid transaminase activity (GO:0004084)|L-isoleucine-2-oxoglutarate transaminase activity (GO:0052656)|L-leucine-2-oxoglutarate transaminase activity (GO:0052654)|L-valine-2-oxoglutarate transaminase activity (GO:0052655),mitochondrial matrix (GO:0005759)|mitochondrion (GO:0005739)|nucleoplasm (GO:0005654),,,,,,,,N6-(pyridoxal phosphate)lysine[229],,N6-acetyllysine[321],,,,,,,2893,,SSF56752,PS00770,IPR001544|IPR018300|IPR036038|IPR005786|IPR043132|IPR043131|IPR033939,PF01063,,
CHEMBL2534,,,5,Homo sapiens,,O15530,PDPK1 | 3-phosphoinositide-dependent protein kinase 1 | hPDK1 | PDK1,O15530,O15530,3-phosphoinositide-dependent protein kinase 1,hPDK1,UniProtKB reviewed (Swiss-Prot),H0Y4Z0|Q59EH6|Q6FI20|Q8IV52|Q9BRD5,3-phosphoinositide-dependent protein kinase 1,PDPK1,Homo,Eukaryota,Chordata,9606,2.7.11.1,,HGNC:8816,3-phosphoinositide-dependent protein kinase activity (GO:0004676)|ATP binding (GO:0005524)|phospholipase activator activity (GO:0016004)|phospholipase binding (GO:0043274)|protein serine kinase activity (GO:0106310)|protein serine/threonine kinase activity (GO:0004674),cell projection (GO:0042995)|cytoplasm (GO:0005737)|cytoplasmic vesicle (GO:0031410)|cytosol (GO:0005829)|focal adhesion (GO:0005925)|nucleus (GO:0005634)|plasma membrane (GO:0005886)|postsynaptic density (GO:0014069),,,,,,,,,Phosphotyrosine; by SRC and INSR[9]|Phosphoserine[25]|Phosphoserine; by autocatalysis[241]|Phosphothreonine; by MELK[354]|Phosphotyrosine; by SRC and INSR[373]|Phosphotyrosine; by SRC and INSR[376]|Phosphoserine[393]|Phosphoserine; by MAP3K5[394]|Phosphoserine[396]|Phosphoserine; by MAP3K5[398]|Phosphoserine[410]|Phosphoserine; by PKC/PRKCQ[501]|Phosphothreonine; by autocatalysis[513]|Phosphoserine; by PKC/PRKCQ[529],N6-acetyllysine[304],,,,,,,1519,,SSF50729|SSF56112,PS00107|PS50011|PS00108,IPR011009|IPR033931|IPR039046|IPR011993|IPR000719|IPR017441|IPR008271|IPR050236,PF14593|PF00069,,
CHEMBL3826863,,,2,Homo sapiens,,O15540,BLBP | Fatty acid-binding protein 7 | Brain lipid-binding protein | MRG | B-FABP | Mammary-derived growth inhibitor related | FABPB | Fatty acid-binding protein | Brain-type fatty acid-binding protein | brain | FABP7,O15540,O15540,"Fatty acid-binding protein, brain",Brain lipid-binding protein|BLBP|Brain-type fatty acid-binding protein|B-FABP|Fatty acid-binding protein 7|Mammary-derived growth inhibitor related,UniProtKB reviewed (Swiss-Prot),B2R4L1|O14951|Q6IAU7|Q9H047,"Fatty acid-binding protein, brain|Brain lipid-binding protein|Brain-type fatty acid-binding protein|Fatty acid-binding protein 7|Mammary-derived growth inhibitor related",FABP7,Homo,Eukaryota,Chordata,9606,,,HGNC:3562,fatty acid binding (GO:0005504)|lipid binding (GO:0008289),cytosol (GO:0005829)|nucleus (GO:0005634),,,,,,,,,,N-acetylvaline[2],,,,,,,,,SSF50814,PS00214,IPR012674|IPR000463|IPR031259|IPR000566,PF00061,PR00178,
CHEMBL5102,,,3,Rattus norvegicus,,O35433,Capsaicin receptor | Transient receptor potential cation channel subfamily V member 1 | Vr1 | Trpv1 | Vanilloid receptor type 1-like | OTRPC1 | TrpV1 | Osm-9-like TRP channel 1 | Vanilloid receptor 1 | Vr1l,O35433,O35433,Transient receptor potential cation channel subfamily V member 1,TrpV1|Capsaicin receptor|Osm-9-like TRP channel 1|OTRPC1|Vanilloid receptor 1|Vanilloid receptor type 1-like,UniProtKB reviewed (Swiss-Prot),Q920B3|Q920B4|Q9JLM0|Q9JM56|Q9JM57,Transient receptor potential cation channel subfamily V member 1|Capsaicin receptor|Osm-9-like TRP channel 1|Vanilloid receptor 1|Vanilloid receptor type 1-like,Trpv1,Rattus,Eukaryota,Chordata,10116,,,,ATP binding (GO:0005524)|calcium channel activity (GO:0005262)|calmodulin binding (GO:0005516)|chloride channel regulator activity (GO:0017081)|excitatory extracellular ligand-gated monoatomic ion channel activity (GO:0005231)|extracellular ligand-gated monoatomic ion channel activity (GO:0005230)|identical protein binding (GO:0042802)|intracellularly gated calcium channel activity (GO:0015278)|ligand-gated monoatomic ion channel activity (GO:0015276)|metal ion binding (GO:0046872)|monoatomic cation channel activity (GO:0005261)|monoatomic cation transmembrane transporter activity (GO:0008324)|phosphatidylinositol binding (GO:0035091)|phosphoprotein binding (GO:0051219)|temperature-gated ion channel activity (GO:0097603)|transmembrane signaling receptor activity (GO:0004888),dendrite (GO:0030425)|dendritic spine membrane (GO:0032591)|external side of plasma membrane (GO:0009897)|GABA-ergic synapse (GO:0098982)|membrane (GO:0016020)|neuron projection (GO:0043005)|neuronal cell body (GO:0043025)|plasma membrane (GO:0005886)|postsynaptic membrane (GO:0045211),,Cytoplasmic[1-432]|Extracellular[454-471]|Cytoplasmic[498-510]|Extracellular[532-535]|Cytoplasmic[557-571]|Extracellular[600-626]|Extracellular[650-657]|Cytoplasmic[687-838],,,N-linked (GlcNAc...) asparagine[604],,,,Phosphoserine; by PKA and PKD[116]|Phosphothreonine; by PKA; in vitro[144]|Phosphothreonine; by PKA; in vitro[370]|Phosphoserine; by PKC/PRKCE[502]|Phosphothreonine[704]|Phosphoserine; by PKA; in vitro[774]|Phosphoserine; by PKC/PRKCE and PKC/PRKCZ[800]|Phosphoserine; by PKA; in vitro[820],,,,,,,,507,,SSF48403,PS50297|PS50088,IPR002110|IPR036770|IPR005821|IPR024862|IPR008347,PF00023|PF12796|PF00520,PR01768,1.A.4.2.1
CHEMBL1075283,,,2,Mus musculus,,O35493,Dual specificity protein kinase CLK4 | CDC-like kinase 4 | Clk4,O35493,O35493,Dual specificity protein kinase CLK4,CDC-like kinase 4,UniProtKB reviewed (Swiss-Prot),O35721|Q8CEU9|Q99LU6,Dual specificity protein kinase CLK4|CDC-like kinase 4,Clk4,Mus,Eukaryota,Chordata,10090,2.7.12.1,,,ATP binding (GO:0005524)|protein serine kinase activity (GO:0106310)|protein serine/threonine kinase activity (GO:0004674)|protein serine/threonine/tyrosine kinase activity (GO:0004712)|protein tyrosine kinase activity (GO:0004713),nucleus (GO:0005634),,,,,,,,,Phosphoserine[136]|Phosphoserine[138],,,,,,,,1993,,SSF56112,PS00107|PS50011|PS00108,IPR051175|IPR011009|IPR000719|IPR017441|IPR008271,PF00069,,
CHEMBL2366456,,,2,Cavia porcellus,,O35505,Voltage-gated calcium channel subunit alpha Cav1.2 | CACNL1A1 | CCHL1A1 | Voltage-dependent L-type calcium channel subunit alpha-1C | Calcium channel | L type | CACNA1C | CACH2 | cardiac muscle | CACN2 | isoform 1 | alpha-1 polypeptide,O35505,O35505,Voltage-dependent L-type calcium channel subunit alpha-1C,"Calcium channel, L type, alpha-1 polypeptide, isoform 1, cardiac muscle|Voltage-gated calcium channel subunit alpha Cav1.2",UniProtKB reviewed (Swiss-Prot),Q9Z305,"Voltage-dependent L-type calcium channel subunit alpha-1C|Calcium channel, L type, alpha-1 polypeptide, isoform 1, cardiac muscle|Voltage-gated calcium channel subunit alpha Cav1.2",CACNA1C,Cavia,Eukaryota,Chordata,10141,,,,calmodulin binding (GO:0005516)|high voltage-gated calcium channel activity (GO:0008331)|metal ion binding (GO:0046872)|voltage-gated calcium channel activity (GO:0005245),dendrite (GO:0030425)|L-type voltage-gated calcium channel complex (GO:1990454)|perikaryon (GO:0043204)|plasma membrane (GO:0005886)|postsynaptic density membrane (GO:0098839)|sarcolemma (GO:0042383)|T-tubule (GO:0030315),,Cytoplasmic[1-153]|Extracellular[173-187]|Cytoplasmic[209-217]|Extracellular[239-261]|Cytoplasmic[281-297]|Extracellular[320-379]|Extracellular[402-409]|Cytoplasmic[431-553]|Extracellular[573-583]|Cytoplasmic[605-615]|Extracellular[636-644]|Cytoplasmic[664-682]|Extracellular[703-722]|Extracellular[745-754]|Cytoplasmic[775-929]|Extracellular[949-960]|Cytoplasmic[981-996]|Extracellular[1016-1022]|Cytoplasmic[1042-1060]|Extracellular[1081-1130]|Extracellular[1152-1168]|Cytoplasmic[1191-1248]|Extracellular[1271-1278]|Cytoplasmic[1301-1310]|Extracellular[1331-1353]|Cytoplasmic[1373-1390]|Extracellular[1412-1433]|Extracellular[1453-1480]|Cytoplasmic[1506-2169],,,N-linked (GlcNAc...) asparagine[182]|N-linked (GlcNAc...) asparagine[357]|N-linked (GlcNAc...) asparagine[1417]|N-linked (GlcNAc...) asparagine[1468],,[345-361]|[1087-1098]|[1460-1476],,Phosphoserine[498]|Phosphothreonine[505]|Phosphoserine[837]|Phosphoserine[844]|Phosphoserine[1699]|Phosphoserine[1720]|Phosphoserine[1927],,,,,,,,,,SSF81324,,IPR031688|IPR031649|IPR005821|IPR014873|IPR050599|IPR005451|IPR005446|IPR002077|IPR027359,PF08763|PF16885|PF16905|PF00520,PR00167|PR01630|PR01635,
CHEMBL5774,,,2,Mus musculus,,O35678,MAGL | MGL | Mgll | Monoglyceride lipase | Monoacylglycerol lipase,O35678,O35678,Monoglyceride lipase,MGL|Monoacylglycerol lipase|MAGL,UniProtKB reviewed (Swiss-Prot),Q3V2R0|Q9D9G8,Monoglyceride lipase|Monoacylglycerol lipase,Mgll,Mus,Eukaryota,Chordata,10090,3.1.1.23,,,monoacylglycerol lipase activity (GO:0047372),axon (GO:0030424)|cerebellar climbing fiber to Purkinje cell synapse (GO:0150053)|cytosol (GO:0005829)|lipid droplet (GO:0005811)|membrane (GO:0016020)|parallel fiber to Purkinje cell synapse (GO:0098688)|presynapse (GO:0098793)|synapse (GO:0045202)|varicosity (GO:0043196),,,,,,,,3'-nitrotyrosine[58],Phosphothreonine[10]|Phosphoserine[189],,,,,,,,1399,,SSF53474,PS00120,IPR000073|IPR029058|IPR022742|IPR051044,PF12146,PR00111,
CHEMBL3300,,,2,Rattus norvegicus,,O35795,Entpd2 | Ecto-ATP diphosphohydrolase 2 | Ecto-ATPDase 2 | Ectonucleoside triphosphate diphosphohydrolase 2 | CD39 antigen-like 1 | Cd39l1 | NTPDase 2 | Ecto-ATPase 2,O35795,O35795,Ectonucleoside triphosphate diphosphohydrolase 2,NTPDase 2|CD39 antigen-like 1|Ecto-ATP diphosphohydrolase 2|Ecto-ATPDase 2|Ecto-ATPase 2,UniProtKB reviewed (Swiss-Prot),Q9JHY5|Q9WVE7,Ectonucleoside triphosphate diphosphohydrolase 2|CD39 antigen-like 1|Ecto-ATP diphosphohydrolase 2,Entpd2,Rattus,Eukaryota,Chordata,10116,3.6.1.-,,,ADP phosphatase activity (GO:0043262)|ATP binding (GO:0005524)|ATP hydrolysis activity (GO:0016887)|GDP phosphatase activity (GO:0004382)|identical protein binding (GO:0042802)|nucleoside diphosphate phosphatase activity (GO:0017110)|ribonucleoside triphosphate phosphatase activity (GO:0017111)|UDP phosphatase activity (GO:0045134),basement membrane (GO:0005604)|cell body (GO:0044297)|cell projection membrane (GO:0031253)|cell surface (GO:0009986)|plasma membrane (GO:0005886),,Cytoplasmic[1-4]|Extracellular[26-462]|Cytoplasmic[484-495],,,N-linked (GlcNAc...) asparagine[64]|N-linked (GlcNAc...) asparagine[129]|N-linked (GlcNAc...) asparagine[294]|N-linked (GlcNAc...) asparagine[306]|N-linked (GlcNAc...) asparagine[319]|N-linked (GlcNAc...) asparagine[378]|N-linked (GlcNAc...) asparagine[443],,[75-99]|[242-284]|[265-310]|[323-328]|[377-399],,,,,,,,,,,,,PS01238,IPR000407,PF01150,,
CHEMBL2216745,,,2,Mus musculus,,O35904,"PI3Kdelta | Pik3cd | PtdIns-3-kinase subunit p110-delta | Phosphatidylinositol 4,5-bisphosphate 3-kinase 110 kDa catalytic subunit delta | p110delta | PI3K-delta | PtdIns-3-kinase subunit delta | PI3-kinase subunit delta | Phosphatidylinositol 4,5-bisphosphate 3-kinase catalytic subunit delta isoform",O35904,O35904,"Phosphatidylinositol 4,5-bisphosphate 3-kinase catalytic subunit delta isoform","PI3-kinase subunit delta|PI3K-delta|PI3Kdelta|PtdIns-3-kinase subunit delta|Phosphatidylinositol 4,5-bisphosphate 3-kinase 110 kDa catalytic subunit delta|PtdIns-3-kinase subunit p110-delta|p110delta",UniProtKB reviewed (Swiss-Prot),Q8CJ28,"Phosphatidylinositol 4,5-bisphosphate 3-kinase catalytic subunit delta isoform|Phosphatidylinositol 4,5-bisphosphate 3-kinase 110 kDa catalytic subunit delta",Pik3cd,Mus,Eukaryota,Chordata,10090,2.7.1.137|2.7.1.153,,,"1-phosphatidylinositol-3-kinase activity (GO:0016303)|1-phosphatidylinositol-4,5-bisphosphate 3-kinase activity (GO:0046934)|ATP binding (GO:0005524)",cytosol (GO:0005829),,,,,,,,,Phosphotyrosine[523]|Phosphoserine; by autocatalysis[1038],,,,,,,,,,SSF48371|SSF49562|SSF56112|SSF54236,PS51547|PS00915|PS00916|PS50290|PS51544|PS51546|PS51545,IPR016024|IPR035892|IPR011009|IPR000403|IPR036940|IPR018936|IPR002420|IPR003113|IPR001263|IPR042236|IPR000341|IPR037703|IPR015433|IPR029071,PF00454|PF00792|PF02192|PF00794|PF00613,,
CHEMBL5141,,,2,Homo sapiens,,O43174,Cytochrome P450 26A1 | CYP26 | Cytochrome P450RAI | Retinoic acid 4-hydroxylase | Cytochrome P450 retinoic acid-inactivating 1 | CYP26A1 | Retinoic acid-metabolizing cytochrome | hP450RAI | P450RAI1,O43174,O43174,Cytochrome P450 26A1,CYP26A1|Cytochrome P450 retinoic acid-inactivating 1|Cytochrome P450RAI|hP450RAI|Retinoic acid 4-hydroxylase|Retinoic acid-metabolizing cytochrome,UniProtKB reviewed (Swiss-Prot),B3KNI4|Q5VXH9|Q5VXI0,Cytochrome P450 26A1|Cytochrome P450 retinoic acid-inactivating 1|Retinoic acid 4-hydroxylase|Retinoic acid-metabolizing cytochrome,CYP26A1,Homo,Eukaryota,Chordata,9606,1.14.13.-,,HGNC:2603,"all-trans retinoic acid 18-hydroxylase activity (GO:0062183)|all-trans retinoic acid 4-hydrolase activity (GO:0062182)|heme binding (GO:0020037)|iron ion binding (GO:0005506)|monooxygenase activity (GO:0004497)|oxidoreductase activity, acting on paired donors, with incorporation or reduction of molecular oxygen, NAD(P)H as one donor, and incorporation of one atom of oxygen (GO:0016709)|oxygen binding (GO:0019825)|retinoic acid 4-hydroxylase activity (GO:0008401)|retinoic acid binding (GO:0001972)",endoplasmic reticulum membrane (GO:0005789),,,,,,,,,,,,,,,,,1366,,SSF48264,PS00086,IPR001128|IPR017972|IPR002403|IPR036396,PF00067,PR00465|PR00385,
